order_id,order_date,customer_id,customer_age,gender,state,city,category,product,quantity,unit_price,discount,payment_method,status,satisfaction_score
PED-100000,2025-10-03,CLI-1164,35.0,F,SP,Sao Paulo,Beleza,Secador,2,199.9,0.0,Carteira digital,Concluido,5
PED-100001,2025-06-16,CLI-1069,34.0,F,GO,Goiania,Casa,Aspirador Vertical,2,599.9,0.0,Pix,Concluido,5
PED-100002,2025-01-14,CLI-1064,46.0,M,PE,Recife,Beleza,Secador,1,199.9,0.05,Cartao,Concluido,5
PED-100003,2024-11-20,CLI-1032,24.0,F,BA,Salvador,Moda,Mochila Urbana,2,189.9,0.05,Cartao,Concluido,5
PED-100004,2025-08-31,CLI-1002,24.0,M,CE,Fortaleza, eletronicos ,Fone Bluetooth,2,149.9,0.05,Pix,Em processamento,4
PED-100005,2025-02-11,CLI-1121,54.0,M,SC,Florianopolis,Esportes,Corda de Pular,2,59.9,0.0,Cartao,Concluido,3
PED-100006,2024-05-13,CLI-1237,70.0,M,SC,Florianopolis,Beleza,Secador,1,199.9,0.0,Pix,Cancelado,4
PED-100007,2025-12-31,CLI-1053,32.0,F, sp ,Florianopolis,Beleza,Secador,1,199.9,0.15,Cartao,Cancelado,2
PED-100008,2024-02-19,CLI-1106,67.0,F,MG,Belo Horizonte,Eletronicos,Teclado Mecanico,1,289.9,0.0,Boleto,Concluido,4
PED-100009,2025-05-23,CLI-1225,36.0,M,MG,Belo Horizonte,Casa,Cafeteira,1,229.9,0.0,Cartao,Em processamento,2
PED-100010,2025-04-24,CLI-1186,35.0,M,SP,Sao Paulo,Casa,Cafeteira,1,229.9,0.0,Carteira digital,Concluido,1
PED-100011,2025-03-04,CLI-1001,22.0,F,RS,Porto Alegre,CASA,Corda de Pular,1,59.9,0.2,Cartao,Concluido,5
PED-100012,2024-02-07,CLI-1121,,F,RJ,Rio de Janeiro,Moda,Tenis Casual,2,279.9,0.1,Cartao,Em processamento,4
PED-100013,2024-12-26,CLI-1035,44.0,M,RJ,Rio de Janeiro,Beleza,Kit Skincare,1,159.9,0.1,Boleto,Em processamento,4
PED-100014,2025-10-14,CLI-1060,53.0,F,PR,Curitiba,Casa,Aspirador Vertical,2,599.9,0.2,Boleto,Concluido,4
PED-100015,2024-06-24,CLI-1060,26.0,M,MG,Belo Horizonte,Eletronicos,Fone Bluetooth,1,149.9,0.0,Pix,Em processamento,4
PED-100016,2025-05-20,CLI-1147,28.0,F,SP,Sao Paulo,Moda,Jaqueta,2,319.9,0.2,Carteira digital,Em processamento,5
PED-100017,2025-09-19,CLI-1048,40.0,F,BA,Salvador,Eletronicos,Smartwatch,1,399.9,0.0,Cartao,Em processamento,4
PED-100018,2025-11-27,CLI-1061,21.0,M,BA,Salvador,Beleza,Kit Skincare,1,159.9,0.1,Boleto,Concluido,4
PED-100019,2025-01-12,CLI-1055,25.0,F,SP,Sao Paulo,moda,Mochila Urbana,2,189.9,0.05,Cartao,Cancelado,4
PED-100020,2024-08-17,CLI-1086,51.0,M,SP,Sao Paulo,Beleza,Secador,3,199.9,0.05,Pix,Concluido,4
PED-100021,2025-05-26,CLI-1158,68.0,F,RJ,Rio de Janeiro,Casa,Cafeteira,1,229.9,0.15,Cartao,Cancelado,4
PED-100022,2024-12-21,CLI-1096,48.0,F,rj,Florianopolis,Esportes,Corda de Pular,1,59.9,0.0,Cartao,Cancelado,5
PED-100023,2025-04-03,CLI-1079,25.0,M,BA,Salvador,Esportes,Corda de Pular,2,59.9,0.2,Pix,Cancelado,4
PED-100024,2025-06-26,CLI-1125,70.0,F,SP,Sao Paulo,Beleza,Secador,2,199.9,0.05,Pix,Concluido,4
PED-100025,2025-06-03,CLI-1148,45.0,F,SC,Florianopolis,Eletronicos,Fone Bluetooth,1,149.9,0.1,Cartao,Cancelado,4
PED-100026,2024-06-26,CLI-1004,55.0,M,SP,Sao Paulo,Casa,Aspirador Vertical,1,599.9,0.2,Carteira digital,Concluido,4
PED-100027,2025-07-06,CLI-1214,28.0,M,MG,Belo Horizonte,Eletronicos,Smartwatch,1,399.9,0.0,Pix,Concluido,5
PED-100028,2025-01-31,CLI-1220,,M,CE,Fortaleza,Eletronicos,Teclado Mecanico,3,289.9,0.15,Cartao,Concluido,5
PED-100029,2025-11-11,CLI-1145,22.0,F,SP,Sao Paulo,Moda,Tenis Casual,1,279.9,0.1,Pix,Em processamento,4
PED-100030,2025-04-27,CLI-1138,51.0,F,SP,Sao Paulo,Beleza,Secador,1,199.9,0.1,Cartao,cancelado,4
PED-100031,2025-10-13,CLI-1167,28.0,M,MG,Belo Horizonte,Esportes,Garrafa Termica,4,129.9,0.0,Cartao,CONCLUIDO,4
PED-100032,2025-12-16,CLI-1106,66.0,F,PR,Curitiba,Casa,Aspirador Vertical,1,599.9,0.05,Pix,Concluido,2
PED-100033,2025-12-27,CLI-1088,20.0,F,PE,Recife,Casa,Cafeteira,1,229.9,0.1,Cartao,Cancelado,4
PED-100034,2025-06-28,CLI-1085,52.0,M,CE,Fortaleza,Casa,Jogo de Panelas,1,349.9,0.05,Cartao,Concluido,5
PED-100035,2025-03-12,CLI-1039,25.0,F,SP,Sao Paulo,Eletronicos,Fone Bluetooth,1,149.9,0.0,Pix,Concluido,4
PED-100036,2024-03-27,CLI-1202,54.0,F,SP,Sao Paulo,Eletronicos,Smartwatch,1,399.9,0.0,Cartao,Concluido,3
PED-100037,2024-10-09,CLI-1077,44.0,F,SC,Florianopolis,Casa,Aspirador Vertical,1,599.9,0.15,Boleto,Concluido,5
PED-100038,2024-12-13,CLI-1069,69.0,F,RJ,Rio de Janeiro,Eletronicos,Fone Bluetooth,2,149.9,0.0,Boleto,Em processamento,5
PED-100039,2025-07-24,CLI-1232,52.0,M,GO,Goiania,Moda,Mochila Urbana,2,189.9,0.1,Cartao,Concluido,3
PED-100040,2025-03-06,CLI-1122,37.0,M,RS,Porto Alegre,Casa,Cafeteira,1,229.9,0.2,Pix,Concluido,4
PED-100041,2024-11-17,CLI-1150,,F,SP,Sao Paulo,Beleza,Kit Skincare,1,159.9,0.0,Cartao,Concluido,4
PED-100042,2024-04-17,CLI-1059,49.0,F,BA,Salvador,Moda,Tenis Casual,1,279.9,0.0,Pix,Concluido,5
PED-100043,2025-06-07,CLI-1067,41.0,M,SP,Sao Paulo,Casa,Cafeteira,3,229.9,0.1,Cartao,Concluido,3
PED-100044,2024-11-11,CLI-1175,20.0,F,MG,Belo Horizonte,Beleza,Perfume,1,249.9,0.0,Carteira digital,Concluido,3
PED-100045,2024-01-27,CLI-1109,48.0,M,PR,Curitiba,Beleza,Secador,2,199.9,0.1,Cartao,Concluido,4
PED-100046,2024-07-26,CLI-1036,29.0,M,MG,Belo Horizonte,Casa,Cafeteira,1,229.9,0.1,Pix,Em processamento,2
PED-100047,2025-10-04,CLI-1201,30.0,M,RS,Porto Alegre,Eletronicos,Fone Bluetooth,2,149.9,0.1,Cartao,Concluido,4
PED-100048,2024-03-27,CLI-1097,,F,RS,Porto Alegre,Moda,Tenis Casual,1,279.9,0.05,Cartao,Concluido,5
PED-100049,2024-10-23,CLI-1161,37.0,Outro,CE,Fortaleza,Eletronicos,Smartwatch,2,399.9,0.1,Cartao,Concluido,3
PED-100050,2025-01-09,CLI-1082,29.0,F,CE,Fortaleza,Eletronicos,Fone Bluetooth,1,149.9,0.1,Pix,Em processamento,4
PED-100051,2024-03-02,CLI-1135,21.0,Outro,MG,Belo Horizonte,Eletronicos,Smartwatch,3,399.9,0.0,Carteira digital,Concluido,5
PED-100052,2024-05-01,CLI-1187,41.0,M,SP,Sao Paulo,Beleza,Kit Skincare,1,159.9,0.1,Cartao,Concluido,4
PED-100053,2025-11-18,CLI-1213,29.0,M,SC,Florianopolis,Moda,Tenis Casual,2,279.9,0.15,Cartao,Em processamento,4
PED-100054,2025-03-07,CLI-1050,25.0,M,CE,Fortaleza,Moda,Mochila Urbana,2,189.9,0.1,Cartao,Concluido,4
PED-100055,2024-06-02,CLI-1162,42.0,M,RJ,Rio de Janeiro,Beleza,Perfume,4,249.9,0.05,Cartao,Concluido,3
PED-100056,2024-05-04,CLI-1220,21.0,F,MG,Belo Horizonte,Casa,Aspirador Vertical,1,599.9,0.05,Boleto,Cancelado,3
PED-100057,2024-11-07,CLI-1155,70.0,F,MG,Belo Horizonte,Moda,Jaqueta,1,319.9,0.0,Carteira digital,Concluido,4
PED-100058,2025-06-12,CLI-1035,42.0,M,SP,Sao Paulo,Eletronicos,Smartwatch,1,399.9,0.0,Boleto,Em processamento,4
PED-100059,2025-06-17,CLI-1046,70.0,M,RS,Porto Alegre,Eletronicos,Teclado Mecanico,1,289.9,0.0,Cartao,Concluido,3
PED-100060,2024-05-22,CLI-1049,64.0,F,RJ,Rio de Janeiro,Moda,Mochila Urbana,2,189.9,0.2,Cartao,Concluido,2
PED-100061,2025-06-14,CLI-1026,69.0,M,SC,Florianopolis,Casa,Cafeteira,4,229.9,0.0,Pix,Concluido,5
PED-100062,2025-10-17,CLI-1181,46.0,M,BA,Salvador,Moda,Tenis Casual,4,279.9,0.1,Cartao,Concluido,2
PED-100063,2024-06-14,CLI-1232,40.0,F,BA,Salvador,Beleza,Kit Skincare,1,159.9,0.0,Pix,Concluido,5
PED-100064,2024-01-20,CLI-1125,56.0,F,MG,Belo Horizonte,Moda,Mochila Urbana,2,189.9,0.0,Cartao,Concluido,4
PED-100065,2025-12-01,CLI-1144,22.0,F,RJ,Rio de Janeiro,Moda,Tenis Casual,3,279.9,0.05,Cartao,Cancelado,4
PED-100066,2025-01-16,CLI-1186,62.0,F,SC,Florianopolis,Moda,Jaqueta,3,319.9,0.05,Boleto,Cancelado,3
PED-100067,2025-07-21,CLI-1100,35.0,F,BA,Salvador,Casa,Aspirador Vertical,1,599.9,0.1,Cartao,Em processamento,3
PED-100068,2024-08-21,CLI-1114,18.0,F,MG,Belo Horizonte,Eletronicos,Teclado Mecanico,1,289.9,0.2,Carteira digital,Concluido,4
PED-100069,2024-08-06,CLI-1142,30.0,F,GO,Goiania,Casa,Jogo de Panelas,2,349.9,0.15,Cartao,Concluido,4
PED-100070,2024-06-13,CLI-1074,30.0,F,SP,Sao Paulo,Eletronicos,Smartwatch,1,399.9,0.0,Cartao,Concluido,3
PED-100071,2024-06-07,CLI-1015,18.0,M,GO,Goiania,Casa,Cafeteira,1,229.9,0.1,Cartao,Cancelado,4
PED-100072,2024-12-10,CLI-1137,,F,SP,Sao Paulo,Beleza,Secador,4,199.9,0.0,Cartao,Em processamento,4
PED-100073,2024-03-18,CLI-1198,23.0,Outro,SP,Sao Paulo,Eletronicos,Fone Bluetooth,4,149.9,0.15,Pix,Concluido,3
PED-100074,2025-09-07,CLI-1018,62.0,M,PR,Curitiba,Eletronicos,Fone Bluetooth,3,149.9,0.05,Cartao,Concluido,4
PED-100075,2025-01-08,CLI-1052,42.0,M,SP,Sao Paulo,Eletronicos,Teclado Mecanico,2,289.9,0.05,Pix,Concluido,3
PED-100076,2025-10-31,CLI-1064,56.0,Outro,SP,Sao Paulo,Casa,Aspirador Vertical,1,599.9,0.0,Boleto,Concluido,4
PED-100077,2025-01-02,CLI-1194,36.0,M,SP,Sao Paulo,Moda,Tenis Casual,1,279.9,0.0,Cartao,Concluido,3
PED-100078,2024-08-09,CLI-1122,24.0,F,MG,Belo Horizonte,Moda,Mochila Urbana,1,189.9,0.0,Cartao,Em processamento,4
PED-100079,2025-01-11,CLI-1129,27.0,M,SC,Florianopolis,Beleza,Perfume,1,249.9,0.15,Cartao,Concluido,4
PED-100080,2024-04-22,CLI-1155,52.0,F,SP,Sao Paulo,Moda,Jaqueta,1,319.9,0.1,Boleto,Em processamento,4
PED-100081,2025-08-25,CLI-1067,55.0,M,RS,Porto Alegre,Casa,Jogo de Panelas,2,349.9,0.2,Pix,Cancelado,4
PED-100082,2025-06-10,CLI-1172,32.0,M,BA,Salvador,Beleza,Kit Skincare,1,159.9,0.0,Cartao,Cancelado,5
PED-100083,2024-04-17,CLI-1008,36.0,F,SP,Sao Paulo,Eletronicos,Fone Bluetooth,2,149.9,0.1,Pix,Cancelado,4
PED-100084,2025-03-01,CLI-1028,68.0,F,SP,Sao Paulo,Eletronicos,Smartwatch,1,399.9,0.0,Cartao,Concluido,5
PED-100085,2025-01-28,CLI-1196,63.0,Outro,BA,Salvador,Eletronicos,Fone Bluetooth,1,149.9,0.05,Cartao,Cancelado,3
PED-100086,2024-05-26,CLI-1158,39.0,F,BA,Salvador,Beleza,Kit Skincare,1,159.9,0.05,Cartao,Concluido,4
PED-100087,2024-03-30,CLI-1043,30.0,F,PR,Curitiba,Casa,Cafeteira,1,229.9,0.0,Carteira digital,Concluido,2
PED-100088,2025-07-09,CLI-1106,33.0,F,BA,Salvador,Eletronicos,Fone Bluetooth,3,149.9,0.1,Cartao,Cancelado,4
PED-100089,2024-07-12,CLI-1013,46.0,F,SP,Sao Paulo,Casa,Jogo de Panelas,1,349.9,0.0,Cartao,Cancelado,4
PED-100090,2025-01-14,CLI-1162,48.0,M,MG,Belo Horizonte,Eletronicos,Fone Bluetooth,1,149.9,0.05,Cartao,Concluido,5
PED-100091,2024-06-30,CLI-1182,27.0,M,SC,Florianopolis,Moda,Tenis Casual,2,279.9,0.1,Pix,Concluido,4
PED-100092,2025-04-22,CLI-1067,21.0,F,RJ,Rio de Janeiro,Casa,Jogo de Panelas,1,349.9,0.0,Cartao,Concluido,4
PED-100093,2024-02-05,CLI-1085,44.0,F,SC,Florianopolis,Casa,Cafeteira,1,229.9,0.15,Cartao,Concluido,3
PED-100094,2024-09-19,CLI-1057,60.0,F,MG,Belo Horizonte,Casa,Jogo de Panelas,1,349.9,0.05,Cartao,Cancelado,2
PED-100095,2025-02-03,CLI-1094,26.0,F,SC,Florianopolis,Moda,Tenis Casual,1,279.9,0.1,Pix,Concluido,5
PED-100096,2024-11-16,CLI-1066,39.0,M,MG,Belo Horizonte,Casa,Cafeteira,2,229.9,0.1,Cartao,Concluido,3
PED-100097,2025-03-23,CLI-1060,26.0,M,RJ,Rio de Janeiro,Eletronicos,Fone Bluetooth,1,149.9,0.1,Carteira digital,Cancelado,2
PED-100098,2024-05-11,CLI-1104,30.0,F,SP,Sao Paulo,Eletronicos,Teclado Mecanico,1,289.9,0.1,Cartao,Concluido,5
PED-100099,2024-11-18,CLI-1207,50.0,M,SP,Sao Paulo,Esportes,Colchonete,1,99.9,0.15,Cartao,Em processamento,5
PED-100100,2025-07-07,CLI-1184,33.0,F,SC,Florianopolis,Esportes,Colchonete,2,99.9,0.1,Carteira digital,Concluido,4
PED-100101,2024-08-31,CLI-1072,31.0,M,SP,Sao Paulo,Moda,Tenis Casual,1,279.9,0.0,Boleto,Concluido,4
PED-100102,2024-04-24,CLI-1227,70.0,M,SP,Sao Paulo,Eletronicos,Fone Bluetooth,2,149.9,0.0,Cartao,Cancelado,5
PED-100103,2025-09-11,CLI-1051,27.0,M,SP,Sao Paulo,Esportes,Colchonete,1,99.9,0.1,Boleto,Concluido,3
PED-100104,2025-07-22,CLI-1219,28.0,M,SP,Sao Paulo,Beleza,Kit Skincare,2,159.9,0.0,Pix,Cancelado,4
PED-100105,2025-05-12,CLI-1075,67.0,Outro,BA,Salvador,Beleza,Perfume,1,249.9,0.0,Cartao,Cancelado,4
PED-100106,2025-08-06,CLI-1130,47.0,F,MG,Belo Horizonte,Casa,Jogo de Panelas,1,349.9,0.0,Boleto,Concluido,5
PED-100107,2025-07-23,CLI-1049,20.0,F,CE,Fortaleza,Eletronicos,Teclado Mecanico,1,289.9,0.05,Pix,Em processamento,5
PED-100108,2025-06-29,CLI-1183,40.0,F,SP,Sao Paulo,Eletronicos,Smartwatch,2,399.9,0.0,Cartao,Concluido,4
PED-100109,2025-01-07,CLI-1077,47.0,M,RS,Porto Alegre,Esportes,Corda de Pular,3,59.9,0.1,Pix,Concluido,3
PED-100110,2024-01-15,CLI-1210,31.0,M,MG,Belo Horizonte,Casa,Cafeteira,1,229.9,0.1,Cartao,Concluido,4
PED-100111,2025-03-12,CLI-1020,47.0,M,MG,Belo Horizonte,Eletronicos,Teclado Mecanico,1,289.9,0.1,Cartao,Cancelado,3
PED-100112,2024-07-18,CLI-1121,52.0,M,GO,Goiania,Casa,Aspirador Vertical,3,599.9,0.0,Carteira digital,Concluido,5
PED-100113,2025-07-19,CLI-1039,31.0,F,CE,Fortaleza,Moda,Mochila Urbana,1,189.9,0.05,Pix,Cancelado,3
PED-100114,2024-12-08,CLI-1214,61.0,M,GO,Goiania,Eletronicos,Smartwatch,1,399.9,0.1,Pix,Em processamento,2
PED-100115,2025-10-23,CLI-1101,41.0,M,SP,Sao Paulo,Beleza,Kit Skincare,1,159.9,0.05,Pix,Em processamento,5
PED-100116,2025-03-11,CLI-1162,69.0,F,SP,Sao Paulo,Beleza,Secador,2,199.9,0.1,Pix,Em processamento,4
PED-100117,2025-02-06,CLI-1212,22.0,F,RS,Porto Alegre,Beleza,Secador,2,199.9,0.0,Cartao,Concluido,5
PED-100118,2025-11-02,CLI-1129,35.0,F,RJ,Rio de Janeiro,Casa,Jogo de Panelas,2,349.9,0.2,Carteira digital,Concluido,2
PED-100119,2024-12-13,CLI-1014,56.0,F,SC,Florianopolis,Moda,Jaqueta,3,319.9,0.0,Pix,Em processamento,5
PED-100120,2024-10-01,CLI-1053,65.0,M,PR,Curitiba,Moda,Tenis Casual,1,279.9,0.1,Pix,Concluido,2
PED-100121,2024-09-28,CLI-1052,29.0,M,PR,Curitiba,Moda,Tenis Casual,1,279.9,0.1,Cartao,Concluido,1
PED-100122,2025-10-01,CLI-1220,69.0,M,BA,Salvador,Eletronicos,Fone Bluetooth,1,149.9,0.0,Cartao,Concluido,4
PED-100123,2025-07-06,CLI-1219,28.0,F,RS,Porto Alegre,Casa,Jogo de Panelas,1,349.9,0.1,Cartao,Em processamento,3
PED-100124,2024-04-29,CLI-1115,40.0,M,SP,Sao Paulo,Eletronicos,Smartwatch,1,399.9,0.0,Cartao,Concluido,4
PED-100125,2024-12-26,CLI-1214,34.0,M,SP,Sao Paulo,Casa,Aspirador Vertical,1,599.9,0.1,Cartao,Concluido,1
PED-100126,2024-09-28,CLI-1060,40.0,F,PR,Curitiba,Casa,Jogo de Panelas,1,349.9,0.1,Pix,Cancelado,2
PED-100127,2025-04-17,CLI-1164,65.0,M,MG,Belo Horizonte,Eletronicos,Smartwatch,2,399.9,0.0,Boleto,Concluido,5
PED-100128,2024-02-08,CLI-1095,56.0,F,RJ,Rio de Janeiro,Eletronicos,Teclado Mecanico,1,289.9,0.0,Cartao,Concluido,3
PED-100129,2025-06-06,CLI-1058,60.0,F,MG,Belo Horizonte,Moda,Jaqueta,1,319.9,0.1,Cartao,Concluido,4
PED-100130,2025-06-26,CLI-1061,31.0,F,SC,Florianopolis,Eletronicos,Fone Bluetooth,2,149.9,0.0,Pix,Cancelado,5
PED-100131,2024-06-14,CLI-1101,68.0,F,BA,Salvador,Esportes,Colchonete,2,99.9,0.15,Cartao,Concluido,2
PED-100132,2024-04-20,CLI-1082,41.0,M,PR,Curitiba,Moda,Jaqueta,2,319.9,0.1,Carteira digital,Em processamento,5
PED-100133,2025-04-03,CLI-1051,52.0,F,RJ,Rio de Janeiro,Casa,Jogo de Panelas,2,349.9,0.1,Cartao,Concluido,3
PED-100134,2024-07-06,CLI-1081,54.0,F,RJ,Rio de Janeiro,Moda,Tenis Casual,2,279.9,0.0,Cartao,Concluido,4
PED-100135,2025-11-19,CLI-1031,53.0,F,PR,Curitiba,Eletronicos,Fone Bluetooth,1,149.9,0.1,Cartao,Concluido,2
PED-100136,2025-07-20,CLI-1233,49.0,F,RJ,Rio de Janeiro,Esportes,Colchonete,1,99.9,0.15,Carteira digital,Concluido,5
PED-100137,2025-11-29,CLI-1092,43.0,F,PR,Curitiba,Casa,Jogo de Panelas,2,349.9,0.0,Cartao,Concluido,4
PED-100138,2025-01-25,CLI-1026,52.0,F,RS,Porto Alegre,Beleza,Kit Skincare,1,159.9,0.05,Pix,Concluido,4
PED-100139,2025-11-17,CLI-1139,65.0,M,SP,Sao Paulo,Eletronicos,Smartwatch,1,399.9,0.0,Cartao,Concluido,5
PED-100140,2024-01-11,CLI-1212,38.0,F,SP,Sao Paulo,Casa,Cafeteira,1,229.9,0.05,Cartao,Em processamento,4
PED-100141,2024-07-30,CLI-1087,,M,SP,Sao Paulo,Casa,Cafeteira,1,229.9,0.1,Boleto,Cancelado,5
PED-100142,2024-01-02,CLI-1203,27.0,F,GO,Goiania,Esportes,Colchonete,1,99.9,0.05,Cartao,Cancelado,5
PED-100143,2025-05-10,CLI-1147,36.0,M,RS,Porto Alegre,Moda,Mochila Urbana,1,189.9,0.1,Cartao,Em processamento,5
PED-100144,2025-01-08,CLI-1178,58.0,M,SP,Sao Paulo,Casa,Aspirador Vertical,2,599.9,0.0,Pix,Cancelado,5
PED-100145,2024-07-29,CLI-1072,51.0,F,GO,Goiania,Eletronicos,Fone Bluetooth,3,149.9,0.0,Boleto,Cancelado,5
PED-100146,2024-08-10,CLI-1009,29.0,F,MG,Belo Horizonte,Casa,Jogo de Panelas,1,349.9,0.0,Cartao,Em processamento,3
PED-100147,2025-04-15,CLI-1084,46.0,Outro,MG,Belo Horizonte,Moda,Tenis Casual,3,279.9,0.15,Cartao,Concluido,5
PED-100148,2024-05-11,CLI-1222,61.0,F,PE,Recife,Casa,Jogo de Panelas,1,349.9,0.1,Carteira digital,Em processamento,5
PED-100149,2025-01-11,CLI-1190,24.0,M,SP,Sao Paulo,Eletronicos,Fone Bluetooth,3,149.9,0.05,Pix,Concluido,4
PED-100150,2025-03-24,CLI-1189,21.0,F,SP,Sao Paulo,Beleza,Secador,3,199.9,0.1,Boleto,Cancelado,3
PED-100151,2024-06-24,CLI-1211,38.0,F,PR,Curitiba,Esportes,Colchonete,1,99.9,0.0,Pix,Em processamento,5
PED-100152,2024-06-15,CLI-1090,52.0,M,SP,Sao Paulo,Eletronicos,Smartwatch,2,399.9,0.0,Pix,Concluido,3
PED-100153,2024-09-15,CLI-1078,34.0,M,RS,Porto Alegre,Moda,Tenis Casual,4,279.9,0.0,Cartao,Concluido,4
PED-100154,2025-03-08,CLI-1223,61.0,F,SP,Sao Paulo,Eletronicos,Teclado Mecanico,3,289.9,0.2,Cartao,Concluido,4
PED-100155,2024-07-04,CLI-1138,62.0,M,SP,Sao Paulo,Moda,Tenis Casual,4,279.9,0.1,Pix,Concluido,3
PED-100156,2024-10-04,CLI-1072,46.0,M,SP,Sao Paulo,Eletronicos,Smartwatch,1,399.9,0.1,Pix,Em processamento,5
PED-100157,2025-02-01,CLI-1067,38.0,F,MG,Belo Horizonte,Moda,Jaqueta,1,319.9,0.0,Carteira digital,Em processamento,2
PED-100158,2024-05-16,CLI-1211,20.0,F,SP,Sao Paulo,Beleza,Secador,2,199.9,0.0,Pix,Concluido,4
PED-100159,2025-02-19,CLI-1013,61.0,F,SP,Sao Paulo,Beleza,Secador,2,199.9,0.1,Cartao,Em processamento,5
PED-100160,2024-04-10,CLI-1015,65.0,F,BA,Salvador,Eletronicos,Fone Bluetooth,2,149.9,0.05,Pix,Concluido,4
PED-100161,2024-04-14,CLI-1178,41.0,M,RJ,Rio de Janeiro,Esportes,Garrafa Termica,1,129.9,0.15,Pix,Concluido,5
PED-100162,2024-06-22,CLI-1001,45.0,F,RJ,Rio de Janeiro,Eletronicos,Teclado Mecanico,1,289.9,0.1,Cartao,Em processamento,3
PED-100163,2024-07-28,CLI-1042,,F,SP,Sao Paulo,Eletronicos,Fone Bluetooth,1,149.9,0.05,Boleto,Cancelado,5
PED-100164,2024-01-22,CLI-1238,54.0,M,RJ,Rio de Janeiro,Moda,Tenis Casual,2,279.9,0.1,Pix,Concluido,5
PED-100165,2025-12-03,CLI-1103,25.0,M,RJ,Rio de Janeiro,Casa,Jogo de Panelas,1,349.9,0.2,Cartao,Concluido,3
PED-100166,2024-08-13,CLI-1175,53.0,M,PR,Curitiba,Beleza,Kit Skincare,2,159.9,0.05,Pix,Cancelado,4
PED-100167,2025-08-11,CLI-1117,67.0,M,SP,Sao Paulo,Beleza,Perfume,2,249.9,0.1,Pix,Cancelado,4
PED-100168,2025-10-21,CLI-1022,57.0,F,GO,Goiania,Casa,Cafeteira,1,229.9,0.15,Carteira digital,Concluido,4
PED-100169,2025-08-08,CLI-1045,43.0,M,PE,Recife,Esportes,Corda de Pular,1,59.9,0.0,Cartao,Concluido,5
PED-100170,2025-08-30,CLI-1183,45.0,F,SP,Sao Paulo,Casa,Jogo de Panelas,1,349.9,0.15,Pix,Concluido,4
PED-100171,2024-03-14,CLI-1023,31.0,F,SP,Sao Paulo,Moda,Tenis Casual,4,279.9,0.0,Pix,Concluido,4
PED-100172,2024-09-28,CLI-1143,53.0,F,SP,Sao Paulo,Eletronicos,Teclado Mecanico,2,289.9,0.1,Pix,Concluido,3
PED-100173,2025-06-29,CLI-1084,30.0,M,PR,Curitiba,Esportes,Garrafa Termica,1,129.9,0.1,Cartao,Cancelado,4
PED-100174,2025-02-24,CLI-1089,36.0,M,SP,Sao Paulo,Eletronicos,Fone Bluetooth,1,149.9,0.1,Boleto,Em processamento,5
PED-100175,2024-01-05,CLI-1229,32.0,F,BA,Salvador,Eletronicos,Fone Bluetooth,1,149.9,0.05,Carteira digital,Concluido,3
PED-100176,2025-02-18,CLI-1146,35.0,M,SC,Florianopolis,Casa,Jogo de Panelas,1,349.9,0.1,Pix,Cancelado,4
PED-100177,2025-08-11,CLI-1148,37.0,M,BA,Salvador,Esportes,Colchonete,3,99.9,0.0,Pix,Cancelado,3
PED-100178,2025-08-28,CLI-1085,22.0,F,PR,Curitiba,Esportes,Corda de Pular,2,59.9,0.0,Cartao,Concluido,5
PED-100179,2024-10-07,CLI-1092,56.0,M,CE,Fortaleza,Beleza,Secador,1,199.9,0.0,Pix,Concluido,4
PED-100180,2024-06-21,CLI-1165,41.0,F,SP,Sao Paulo,Esportes,Corda de Pular,3,59.9,0.1,Cartao,Concluido,4
PED-100181,2024-08-14,CLI-1010,68.0,Outro,MG,Belo Horizonte,Esportes,Corda de Pular,1,59.9,0.05,Pix,Em processamento,3
PED-100182,2024-08-04,CLI-1057,27.0,F,RJ,Rio de Janeiro,Moda,Jaqueta,3,319.9,0.0,Cartao,Em processamento,4
PED-100183,2024-09-10,CLI-1145,53.0,F,PE,Recife,Casa,Cafeteira,1,229.9,0.15,Pix,Em processamento,5
PED-100184,2024-08-08,CLI-1150,27.0,F,PR,Curitiba,Beleza,Perfume,2,249.9,0.05,Cartao,Concluido,4
PED-100185,2024-11-30,CLI-1023,46.0,F,BA,Salvador,Moda,Jaqueta,3,319.9,0.05,Pix,Concluido,4
PED-100186,2024-01-30,CLI-1190,44.0,M,SP,Sao Paulo,Casa,Aspirador Vertical,1,599.9,0.05,Pix,Concluido,5
PED-100187,2024-07-20,CLI-1131,41.0,M,CE,Fortaleza,Eletronicos,Smartwatch,2,399.9,0.0,Cartao,Cancelado,4
PED-100188,2024-08-18,CLI-1058,52.0,F,MG,Belo Horizonte,Beleza,Perfume,4,249.9,0.1,Cartao,Concluido,4
PED-100189,2024-04-22,CLI-1181,61.0,M,MG,Belo Horizonte,Eletronicos,Fone Bluetooth,1,149.9,0.05,Boleto,Concluido,4
PED-100190,2025-10-03,CLI-1238,34.0,M,CE,Fortaleza,Esportes,Colchonete,1,99.9,0.0,Pix,Concluido,3
PED-100191,2025-05-08,CLI-1102,63.0,M,RJ,Rio de Janeiro,Eletronicos,Teclado Mecanico,2,289.9,0.2,Cartao,Concluido,5
PED-100192,2025-10-28,CLI-1069,27.0,M,MG,Belo Horizonte,Eletronicos,Fone Bluetooth,1,149.9,0.1,Cartao,Concluido,5
PED-100193,2025-02-14,CLI-1072,33.0,F,PR,Curitiba,Beleza,Secador,1,199.9,0.1,Cartao,Concluido,5
PED-100194,2024-03-21,CLI-1143,34.0,F,SP,Sao Paulo,Eletronicos,Smartwatch,1,399.9,0.15,Pix,Concluido,5
PED-100195,2025-10-23,CLI-1012,68.0,M,RJ,Rio de Janeiro,Eletronicos,Smartwatch,2,399.9,0.15,Pix,Em processamento,4
PED-100196,2024-11-30,CLI-1117,24.0,M,SP,Sao Paulo,Moda,Tenis Casual,1,279.9,0.05,Cartao,Concluido,3
PED-100197,2025-05-15,CLI-1006,38.0,M,SP,Sao Paulo,Esportes,Colchonete,1,99.9,0.1,Pix,Em processamento,4
PED-100198,2024-10-05,CLI-1010,40.0,M,BA,Salvador,Eletronicos,Fone Bluetooth,2,149.9,0.1,Pix,Em processamento,5
PED-100199,2024-12-27,CLI-1104,60.0,F,PR,Curitiba,Casa,Cafeteira,1,229.9,0.0,Pix,Em processamento,5
PED-100200,2024-12-23,CLI-1179,43.0,M,RJ,Rio de Janeiro,Beleza,Secador,2,199.9,0.0,Cartao,Concluido,4
PED-100201,2024-07-27,CLI-1213,69.0,F,MG,Belo Horizonte,Esportes,Corda de Pular,1,59.9,0.0,Cartao,Em processamento,4
PED-100202,2025-02-09,CLI-1022,57.0,F,MG,Belo Horizonte,Casa,Aspirador Vertical,3,599.9,0.1,Cartao,Em processamento,5
PED-100203,2025-06-20,CLI-1059,55.0,F,RS,Porto Alegre,Eletronicos,Smartwatch,2,399.9,0.1,Cartao,Em processamento,5
PED-100204,2024-01-15,CLI-1102,57.0,F,PE,Recife,Eletronicos,Fone Bluetooth,1,149.9,0.1,Cartao,Concluido,5
PED-100205,2024-04-05,CLI-1138,26.0,Outro,PE,Recife,Eletronicos,Fone Bluetooth,3,149.9,0.0,Cartao,Concluido,4
PED-100206,2025-09-07,CLI-1237,41.0,F,MG,Belo Horizonte,Eletronicos,Smartwatch,1,399.9,0.0,Cartao,Concluido,3
PED-100207,2025-02-20,CLI-1165,49.0,M,RJ,Rio de Janeiro,Moda,Mochila Urbana,1,189.9,0.05,Pix,Em processamento,4
PED-100208,2025-12-12,CLI-1130,29.0,M,MG,Belo Horizonte,Eletronicos,Teclado Mecanico,1,289.9,0.05,Cartao,Em processamento,4
PED-100209,2025-03-18,CLI-1015,24.0,M,PR,Curitiba,Casa,Jogo de Panelas,2,349.9,0.15,Pix,Concluido,5
PED-100210,2025-04-22,CLI-1020,25.0,M,MG,Belo Horizonte,Moda,Tenis Casual,1,279.9,0.15,Cartao,Concluido,4
PED-100211,2025-10-19,CLI-1037,59.0,F,RS,Porto Alegre,Moda,Tenis Casual,1,279.9,0.15,Pix,Concluido,4
PED-100212,2025-04-27,CLI-1159,52.0,F,PR,Curitiba,Eletronicos,Fone Bluetooth,1,149.9,0.15,Cartao,Cancelado,4
PED-100213,2024-08-28,CLI-1080,32.0,F,RJ,Rio de Janeiro,Beleza,Perfume,1,249.9,0.2,Boleto,Concluido,4
PED-100214,2025-01-20,CLI-1058,57.0,F,RJ,Rio de Janeiro,Beleza,Kit Skincare,1,159.9,0.05,Boleto,Concluido,4
PED-100215,2024-06-21,CLI-1161,54.0,M,RJ,Rio de Janeiro,Beleza,Kit Skincare,1,159.9,0.0,Cartao,Concluido,3
PED-100216,2024-09-01,CLI-1196,61.0,F,SP,Sao Paulo,Eletronicos,Teclado Mecanico,1,289.9,0.0,Pix,Concluido,5
PED-100217,2025-05-12,CLI-1106,66.0,F,SP,Sao Paulo,Eletronicos,Teclado Mecanico,1,289.9,0.05,Cartao,Concluido,4
PED-100218,2024-04-18,CLI-1212,64.0,F,SC,Florianopolis,Esportes,Garrafa Termica,2,129.9,0.0,Pix,Cancelado,4
PED-100219,2025-05-06,CLI-1177,27.0,M,RJ,Rio de Janeiro,Casa,Cafeteira,1,229.9,0.0,Cartao,Concluido,3
PED-100220,2025-03-02,CLI-1172,58.0,M,SP,Sao Paulo,Casa,Aspirador Vertical,2,599.9,0.2,Cartao,Em processamento,4
PED-100221,2024-08-13,CLI-1209,38.0,F,PR,Curitiba,Casa,Aspirador Vertical,1,599.9,0.0,Cartao,Concluido,5
PED-100222,2024-02-02,CLI-1045,39.0,M,SC,Florianopolis,Moda,Tenis Casual,1,279.9,0.2,Boleto,Concluido,5
PED-100223,2025-05-30,CLI-1183,52.0,M,RJ,Rio de Janeiro,Esportes,Colchonete,1,99.9,0.1,Cartao,Concluido,2
PED-100224,2025-08-25,CLI-1230,49.0,M,BA,Salvador,Eletronicos,Smartwatch,1,399.9,0.1,Pix,Em processamento,5
PED-100225,2025-06-17,CLI-1239,40.0,F,PE,Recife,Esportes,Colchonete,1,99.9,0.1,Cartao,Em processamento,5
PED-100226,2024-11-03,CLI-1139,70.0,M,PR,Curitiba,Eletronicos,Teclado Mecanico,2,289.9,0.05,Cartao,Concluido,3
PED-100227,2025-04-22,CLI-1182,,F,RS,Porto Alegre,Moda,Jaqueta,1,319.9,0.1,Cartao,Cancelado,3
PED-100228,2024-10-30,CLI-1214,23.0,F,SP,Sao Paulo,Moda,Mochila Urbana,1,189.9,0.0,Carteira digital,Cancelado,3
PED-100229,2024-09-18,CLI-1205,19.0,M,PE,Recife,Eletronicos,Teclado Mecanico,2,289.9,0.15,Boleto,Concluido,5
PED-100230,2024-08-27,CLI-1216,61.0,M,MG,Belo Horizonte,Eletronicos,Teclado Mecanico,1,289.9,0.0,Cartao,Concluido,3
PED-100231,2024-06-03,CLI-1200,,F,PE,Recife,Casa,Aspirador Vertical,1,599.9,0.0,Pix,Concluido,4
PED-100232,2025-12-09,CLI-1092,41.0,M,PR,Curitiba,Esportes,Corda de Pular,1,59.9,0.1,Cartao,Concluido,5
PED-100233,2025-05-02,CLI-1176,52.0,F,SP,Sao Paulo,Moda,Jaqueta,1,319.9,0.1,Cartao,Concluido,5
PED-100234,2024-05-07,CLI-1099,41.0,M,SP,Sao Paulo,Esportes,Garrafa Termica,1,129.9,0.05,Pix,Cancelado,4
PED-100235,2025-09-24,CLI-1193,48.0,Outro,RS,Porto Alegre,Beleza,Secador,2,199.9,0.1,Cartao,Concluido,5
PED-100236,2024-04-20,CLI-1195,21.0,M,PR,Curitiba,Casa,Cafeteira,3,229.9,0.0,Cartao,Concluido,3
PED-100237,2025-03-09,CLI-1225,26.0,M,SP,Sao Paulo,Beleza,Perfume,1,249.9,0.1,Pix,Em processamento,5
PED-100238,2024-05-01,CLI-1142,67.0,M,SC,Florianopolis,Eletronicos,Teclado Mecanico,2,289.9,0.0,Cartao,Concluido,3
PED-100239,2024-09-21,CLI-1115,41.0,M,BA,Salvador,Eletronicos,Smartwatch,2,399.9,0.0,Boleto,Concluido,3
PED-100240,2025-04-26,CLI-1040,26.0,M,MG,Belo Horizonte,Beleza,Secador,1,199.9,0.0,Pix,Cancelado,5
PED-100241,2025-12-31,CLI-1154,37.0,M,MG,Belo Horizonte,Beleza,Kit Skincare,2,159.9,0.05,Boleto,Cancelado,3
PED-100242,2025-12-26,CLI-1136,35.0,F,SP,Sao Paulo,Eletronicos,Fone Bluetooth,2,149.9,0.05,Pix,Em processamento,3
PED-100243,2025-10-16,CLI-1124,32.0,M,SC,Florianopolis,Moda,Jaqueta,3,319.9,0.05,Boleto,Cancelado,4
PED-100244,2024-06-21,CLI-1163,33.0,F,RJ,Rio de Janeiro,Moda,Mochila Urbana,4,189.9,0.0,Cartao,Em processamento,4
PED-100245,2024-03-09,CLI-1205,56.0,Outro,GO,Goiania,Esportes,Colchonete,1,99.9,0.0,Pix,Concluido,3
PED-100246,2025-10-24,CLI-1036,23.0,F,RJ,Rio de Janeiro,Moda,Mochila Urbana,1,189.9,0.05,Pix,Concluido,4
PED-100247,2025-11-05,CLI-1104,34.0,F,PR,Curitiba,Casa,Aspirador Vertical,1,599.9,0.0,Carteira digital,Em processamento,5
PED-100248,2024-07-22,CLI-1174,42.0,M,RJ,Rio de Janeiro,Casa,Jogo de Panelas,1,349.9,0.1,Cartao,Concluido,5
PED-100249,2024-01-15,CLI-1197,46.0,F,SP,Sao Paulo,Casa,Cafeteira,1,229.9,0.15,Pix,Concluido,3
PED-100250,2025-04-18,CLI-1187,64.0,F,SC,Florianopolis,Moda,Jaqueta,4,319.9,0.05,Pix,Em processamento,4
PED-100251,2024-02-25,CLI-1192,66.0,M,MG,Belo Horizonte,Esportes,Garrafa Termica,1,129.9,0.15,Cartao,Em processamento,5
PED-100252,2024-01-30,CLI-1206,33.0,F,PR,Curitiba,Casa,Aspirador Vertical,1,599.9,0.0,Boleto,Concluido,3
PED-100253,2025-11-16,CLI-1231,46.0,F,PE,Recife,Eletronicos,Smartwatch,2,399.9,0.0,Cartao,Cancelado,3
PED-100254,2024-12-28,CLI-1146,19.0,M,PE,Recife,Eletronicos,Fone Bluetooth,1,149.9,0.1,Cartao,Em processamento,1
PED-100255,2024-03-22,CLI-1060,50.0,F,BA,Salvador,Beleza,Secador,1,199.9,0.1,Pix,Cancelado,4
PED-100256,2025-04-23,CLI-1136,26.0,F,SP,Sao Paulo,Beleza,Perfume,4,249.9,0.15,Cartao,Concluido,3
PED-100257,2024-09-26,CLI-1171,21.0,F,PR,Curitiba,Eletronicos,Fone Bluetooth,1,149.9,0.0,Cartao,Cancelado,5
PED-100258,2025-01-27,CLI-1025,53.0,F,GO,Goiania,Eletronicos,Smartwatch,1,399.9,0.1,Cartao,Concluido,5
PED-100259,2025-10-19,CLI-1182,27.0,F,RJ,Rio de Janeiro,Moda,Jaqueta,1,319.9,0.05,Cartao,Em processamento,3
PED-100260,2024-06-22,CLI-1131,43.0,F,SP,Sao Paulo,Eletronicos,Fone Bluetooth,3,149.9,0.0,Pix,Concluido,4
PED-100261,2025-04-17,CLI-1225,23.0,M,BA,Salvador,Beleza,Kit Skincare,1,159.9,0.0,Boleto,Em processamento,3
PED-100262,2025-08-28,CLI-1051,57.0,M,MG,Belo Horizonte,Casa,Jogo de Panelas,1,349.9,0.2,Pix,Concluido,1
PED-100263,2024-11-05,CLI-1218,58.0,F,PR,Curitiba,Eletronicos,Fone Bluetooth,1,149.9,0.0,Cartao,Concluido,5
PED-100264,2025-12-10,CLI-1108,48.0,F,CE,Fortaleza,Esportes,Garrafa Termica,1,129.9,0.1,Pix,Concluido,4
PED-100265,2024-11-23,CLI-1138,62.0,M,PR,Curitiba,Eletronicos,Teclado Mecanico,3,289.9,0.1,Boleto,Em processamento,5
PED-100266,2024-12-01,CLI-1159,41.0,M,MG,Belo Horizonte,Eletronicos,Teclado Mecanico,1,289.9,0.1,Pix,Concluido,4
PED-100267,2025-10-08,CLI-1139,,F,RJ,Rio de Janeiro,Eletronicos,Teclado Mecanico,4,289.9,0.1,Cartao,Cancelado,3
PED-100268,2025-04-09,CLI-1217,26.0,F,MG,Belo Horizonte,Eletronicos,Fone Bluetooth,1,149.9,0.15,Cartao,Concluido,4
PED-100269,2025-09-27,CLI-1041,29.0,F,SP,Sao Paulo,Eletronicos,Fone Bluetooth,1,149.9,0.0,Carteira digital,Concluido,3
PED-100270,2025-07-31,CLI-1176,28.0,M,SC,Florianopolis,Eletronicos,Smartwatch,3,399.9,0.0,Boleto,Em processamento,5
PED-100271,2025-06-04,CLI-1234,35.0,M,BA,Salvador,Eletronicos,Smartwatch,1,399.9,0.1,Cartao,Em processamento,4
PED-100272,2024-06-25,CLI-1053,29.0,M,RJ,Rio de Janeiro,Eletronicos,Teclado Mecanico,1,289.9,0.05,Boleto,Concluido,4
PED-100273,2024-10-18,CLI-1062,49.0,F,RJ,Rio de Janeiro,Moda,Jaqueta,3,319.9,0.0,Cartao,Concluido,4
PED-100274,2025-09-23,CLI-1115,25.0,F,GO,Goiania,Moda,Mochila Urbana,1,189.9,0.0,Cartao,Concluido,4
PED-100275,2025-03-26,CLI-1174,50.0,F,SP,Sao Paulo,Casa,Jogo de Panelas,1,349.9,0.05,Pix,Concluido,5
PED-100276,2024-07-23,CLI-1231,35.0,F,PR,Curitiba,Casa,Aspirador Vertical,4,599.9,0.0,Pix,Concluido,2
PED-100277,2024-08-27,CLI-1191,54.0,F,MG,Belo Horizonte,Casa,Aspirador Vertical,1,599.9,0.0,Cartao,Concluido,1
PED-100278,2025-07-21,CLI-1191,45.0,M,RS,Porto Alegre,Esportes,Colchonete,1,99.9,0.15,Carteira digital,Cancelado,3
PED-100279,2024-05-10,CLI-1106,65.0,F,SP,Sao Paulo,Beleza,Perfume,1,249.9,0.0,Boleto,Concluido,4
PED-100280,2024-03-22,CLI-1155,41.0,M,RS,Porto Alegre,Eletronicos,Fone Bluetooth,1,149.9,0.2,Cartao,Concluido,4
PED-100281,2025-07-13,CLI-1051,33.0,F,RJ,Rio de Janeiro,Eletronicos,Teclado Mecanico,1,289.9,0.2,Pix,Em processamento,3
PED-100282,2024-07-29,CLI-1112,49.0,F,PR,Curitiba,Eletronicos,Smartwatch,2,399.9,0.0,Pix,Cancelado,4
PED-100283,2025-07-13,CLI-1046,52.0,M,SP,Sao Paulo,Eletronicos,Teclado Mecanico,1,289.9,0.1,Pix,Concluido,4
PED-100284,2025-01-25,CLI-1007,41.0,M,MG,Belo Horizonte,Moda,Mochila Urbana,2,189.9,0.1,Carteira digital,Em processamento,3
PED-100285,2025-12-30,CLI-1206,47.0,F,PR,Curitiba,Casa,Jogo de Panelas,1,349.9,0.1,Pix,Concluido,5
PED-100286,2025-01-18,CLI-1194,42.0,M,SP,Sao Paulo,Eletronicos,Teclado Mecanico,1,289.9,0.0,Cartao,Concluido,4
PED-100287,2025-09-26,CLI-1123,34.0,F,SP,Sao Paulo,Casa,Aspirador Vertical,1,599.9,0.0,Cartao,Concluido,4
PED-100288,2025-09-13,CLI-1004,34.0,F,SP,Sao Paulo,Moda,Mochila Urbana,2,189.9,0.0,Boleto,Concluido,4
PED-100289,2024-06-03,CLI-1022,66.0,F,RJ,Rio de Janeiro,Eletronicos,Fone Bluetooth,1,149.9,0.1,Carteira digital,Concluido,4
PED-100290,2025-12-29,CLI-1027,53.0,F,SP,Sao Paulo,Beleza,Secador,1,199.9,0.2,Cartao,Concluido,5
PED-100291,2025-06-29,CLI-1173,23.0,M,PE,Recife,Eletronicos,Teclado Mecanico,3,289.9,0.1,Cartao,Em processamento,4
PED-100292,2024-03-19,CLI-1049,68.0,F,MG,Belo Horizonte,Esportes,Garrafa Termica,1,129.9,0.1,Pix,Concluido,4
PED-100293,2024-01-05,CLI-1061,55.0,M,BA,Salvador,Eletronicos,Teclado Mecanico,1,289.9,0.2,Cartao,Em processamento,5
PED-100294,2024-07-17,CLI-1207,20.0,M,CE,Fortaleza,Beleza,Secador,3,199.9,0.1,Cartao,Cancelado,5
PED-100295,2024-01-12,CLI-1211,56.0,F,SP,Sao Paulo,Esportes,Garrafa Termica,1,129.9,0.0,Boleto,Concluido,5
PED-100296,2024-09-18,CLI-1184,49.0,F,RS,Porto Alegre,Esportes,Colchonete,1,99.9,0.15,Boleto,Cancelado,3
PED-100297,2025-12-29,CLI-1075,66.0,F,GO,Goiania,Beleza,Kit Skincare,1,159.9,0.05,Boleto,Concluido,3
PED-100298,2024-12-16,CLI-1140,43.0,M,RS,Porto Alegre,Beleza,Kit Skincare,1,159.9,0.0,Pix,Concluido,4
PED-100299,2024-01-18,CLI-1049,45.0,M,MG,Belo Horizonte,Moda,Tenis Casual,1,279.9,0.05,Cartao,Concluido,4
PED-100300,2024-12-27,CLI-1206,34.0,M,MG,Belo Horizonte,Beleza,Perfume,2,249.9,0.15,Carteira digital,Concluido,4
PED-100301,2024-06-09,CLI-1021,35.0,F,SP,Sao Paulo,Eletronicos,Teclado Mecanico,1,289.9,0.0,Cartao,Cancelado,5
PED-100302,2025-09-17,CLI-1179,50.0,F,PR,Curitiba,Moda,Mochila Urbana,2,189.9,0.05,Cartao,Concluido,3
PED-100303,2024-03-07,CLI-1123,61.0,M,CE,Fortaleza,Moda,Tenis Casual,3,279.9,0.0,Boleto,Concluido,3
PED-100304,2025-07-17,CLI-1182,65.0,F,PE,Recife,Beleza,Kit Skincare,2,159.9,0.0,Pix,Concluido,4
PED-100305,2024-11-22,CLI-1109,58.0,M,SP,Sao Paulo,Casa,Jogo de Panelas,2,349.9,0.0,Boleto,Concluido,3
PED-100306,2024-01-14,CLI-1038,50.0,F,RS,Porto Alegre,Casa,Jogo de Panelas,2,349.9,0.1,Cartao,Concluido,4
PED-100307,2025-05-07,CLI-1181,44.0,F,RJ,Rio de Janeiro,Moda,Mochila Urbana,4,189.9,0.15,Carteira digital,Concluido,5
PED-100308,2024-11-28,CLI-1152,35.0,M,GO,Goiania,Eletronicos,Teclado Mecanico,1,289.9,0.0,Pix,Concluido,4
PED-100309,2025-07-18,CLI-1112,58.0,M,SP,Sao Paulo,Eletronicos,Teclado Mecanico,1,289.9,0.0,Pix,Concluido,5
PED-100310,2025-03-27,CLI-1090,34.0,M,PE,Recife,Casa,Jogo de Panelas,1,349.9,0.0,Carteira digital,Concluido,4
PED-100311,2025-07-29,CLI-1083,32.0,F,BA,Salvador,Casa,Jogo de Panelas,1,349.9,0.0,Cartao,Concluido,5
PED-100312,2024-12-02,CLI-1116,63.0,M,SP,Sao Paulo,Eletronicos,Smartwatch,1,399.9,0.05,Pix,Concluido,3
PED-100313,2024-01-06,CLI-1063,49.0,M,SP,Sao Paulo,Casa,Aspirador Vertical,2,599.9,0.1,Pix,Concluido,5
PED-100314,2024-04-05,CLI-1068,36.0,M,BA,Salvador,Casa,Aspirador Vertical,1,599.9,0.1,Boleto,Cancelado,5
PED-100315,2024-12-01,CLI-1067,63.0,M,SP,Sao Paulo,Casa,Cafeteira,3,229.9,0.05,Boleto,Em processamento,3
PED-100316,2024-10-17,CLI-1004,69.0,M,PR,Curitiba,Casa,Aspirador Vertical,1,599.9,0.05,Pix,Cancelado,4
PED-100317,2025-08-03,CLI-1223,34.0,M,GO,Goiania,Moda,Mochila Urbana,1,189.9,0.0,Cartao,Cancelado,5
PED-100318,2024-10-27,CLI-1057,45.0,F,PR,Curitiba,Casa,Aspirador Vertical,1,599.9,0.0,Cartao,Concluido,3
PED-100319,2025-09-20,CLI-1040,43.0,F,MG,Belo Horizonte,Esportes,Colchonete,1,99.9,0.15,Carteira digital,Concluido,5
PED-100320,2024-05-17,CLI-1037,55.0,M,MG,Belo Horizonte,Esportes,Colchonete,1,99.9,0.1,Carteira digital,Cancelado,5
PED-100321,2024-10-08,CLI-1238,68.0,F,SP,Sao Paulo,Casa,Aspirador Vertical,1,599.9,0.15,Carteira digital,Em processamento,5
PED-100322,2025-07-06,CLI-1115,47.0,F,PE,Recife,Casa,Cafeteira,1,229.9,0.15,Cartao,Concluido,4
PED-100323,2024-03-31,CLI-1079,60.0,M,RJ,Rio de Janeiro,Moda,Mochila Urbana,1,189.9,0.1,Cartao,Em processamento,4
PED-100324,2024-08-22,CLI-1097,49.0,F,SP,Sao Paulo,Beleza,Perfume,1,249.9,0.15,Pix,Concluido,5
PED-100325,2025-07-03,CLI-1022,65.0,M,RJ,Rio de Janeiro,Moda,Jaqueta,1,319.9,0.05,Pix,Concluido,4
PED-100326,2025-03-06,CLI-1076,39.0,M,PE,Recife,Beleza,Perfume,1,249.9,0.0,Cartao,Concluido,3
PED-100327,2025-07-22,CLI-1060,38.0,F,SP,Sao Paulo,Moda,Mochila Urbana,1,189.9,0.0,Pix,Concluido,2
PED-100328,2025-01-11,CLI-1193,40.0,M,BA,Salvador,Moda,Tenis Casual,1,279.9,0.0,Cartao,Cancelado,5
PED-100329,2025-09-20,CLI-1015,70.0,F,RS,Porto Alegre,Eletronicos,Fone Bluetooth,1,149.9,0.0,Pix,Concluido,4
PED-100330,2025-10-03,CLI-1103,50.0,M,BA,Salvador,Beleza,Perfume,1,249.9,0.05,Cartao,Cancelado,3
PED-100331,2025-12-13,CLI-1190,26.0,M,CE,Fortaleza,Eletronicos,Smartwatch,2,399.9,0.1,Cartao,Cancelado,4
PED-100332,2024-03-30,CLI-1201,20.0,F,BA,Salvador,Moda,Mochila Urbana,4,189.9,0.1,Cartao,Concluido,5
PED-100333,2025-03-08,CLI-1124,45.0,F,PE,Recife,Esportes,Colchonete,3,99.9,0.1,Carteira digital,Concluido,4
PED-100334,2024-03-24,CLI-1054,60.0,F,SP,Sao Paulo,Eletronicos,Teclado Mecanico,1,289.9,0.0,Pix,Cancelado,5
PED-100335,2024-06-16,CLI-1081,43.0,F,SC,Florianopolis,Moda,Tenis Casual,1,279.9,0.1,Carteira digital,Cancelado,5
PED-100336,2024-08-07,CLI-1054,47.0,F,PR,Curitiba,Eletronicos,Fone Bluetooth,1,149.9,0.05,Cartao,Concluido,5
PED-100337,2025-04-17,CLI-1159,60.0,Outro,PR,Curitiba,Beleza,Kit Skincare,2,159.9,0.0,Cartao,Concluido,5
PED-100338,2024-11-11,CLI-1071,45.0,F,GO,Goiania,Eletronicos,Fone Bluetooth,2,149.9,0.0,Cartao,Concluido,3
PED-100339,2025-09-24,CLI-1152,66.0,M,CE,Fortaleza,Esportes,Garrafa Termica,2,129.9,0.05,Pix,Concluido,4
PED-100340,2024-08-06,CLI-1158,51.0,F,RS,Porto Alegre,Eletronicos,Fone Bluetooth,3,149.9,0.0,Cartao,Concluido,1
PED-100341,2025-03-27,CLI-1226,,Outro,MG,Belo Horizonte,Esportes,Colchonete,1,99.9,0.1,Pix,Em processamento,5
PED-100342,2025-07-11,CLI-1089,59.0,F,MG,Belo Horizonte,Beleza,Kit Skincare,2,159.9,0.1,Boleto,Concluido,3
PED-100343,2025-12-17,CLI-1231,51.0,F,RJ,Rio de Janeiro,Moda,Jaqueta,2,319.9,0.1,Boleto,Concluido,4
PED-100344,2024-06-28,CLI-1097,20.0,M,RJ,Rio de Janeiro,Beleza,Secador,1,199.9,0.0,Cartao,Concluido,5
PED-100345,2025-06-20,CLI-1164,40.0,F,MG,Belo Horizonte,Beleza,Kit Skincare,3,159.9,0.1,Pix,Em processamento,3
PED-100346,2024-03-02,CLI-1159,25.0,M,SP,Sao Paulo,Esportes,Corda de Pular,1,59.9,0.1,Cartao,Concluido,5
PED-100347,2025-02-01,CLI-1197,45.0,F,SP,Sao Paulo,Eletronicos,Fone Bluetooth,4,149.9,0.0,Cartao,Em processamento,1
PED-100348,2024-10-29,CLI-1113,25.0,M,SC,Florianopolis,Moda,Mochila Urbana,2,189.9,0.1,Pix,Concluido,4
PED-100349,2025-12-01,CLI-1191,44.0,M,MG,Belo Horizonte,Eletronicos,Teclado Mecanico,1,289.9,0.05,Pix,Em processamento,4
PED-100350,2025-07-19,CLI-1086,36.0,M,PE,Recife,Moda,Mochila Urbana,2,189.9,0.05,Pix,Concluido,4
PED-100351,2025-11-08,CLI-1118,19.0,F,PR,Curitiba,Eletronicos,Teclado Mecanico,1,289.9,0.0,Cartao,Concluido,4
PED-100352,2025-09-13,CLI-1120,24.0,F,SP,Sao Paulo,Moda,Mochila Urbana,2,189.9,0.05,Carteira digital,Em processamento,5
PED-100353,2024-10-27,CLI-1170,44.0,F,SP,Sao Paulo,Moda,Tenis Casual,2,279.9,0.0,Carteira digital,Em processamento,4
PED-100354,2025-06-20,CLI-1149,22.0,F,SP,Sao Paulo,Casa,Aspirador Vertical,2,599.9,0.0,Cartao,Concluido,4
PED-100355,2024-01-23,CLI-1019,63.0,F,CE,Fortaleza,Moda,Tenis Casual,3,279.9,0.0,Boleto,Concluido,5
PED-100356,2025-02-11,CLI-1195,58.0,M,SP,Sao Paulo,Beleza,Secador,1,199.9,0.2,Cartao,Em processamento,5
PED-100357,2024-02-04,CLI-1182,55.0,M,MG,Belo Horizonte,Beleza,Kit Skincare,1,159.9,0.0,Pix,Concluido,2
PED-100358,2025-06-13,CLI-1026,27.0,M,PE,Recife,Casa,Aspirador Vertical,1,599.9,0.05,Boleto,Em processamento,5
PED-100359,2025-12-07,CLI-1231,60.0,F,CE,Fortaleza,Moda,Mochila Urbana,1,189.9,0.05,Boleto,Em processamento,2
PED-100360,2025-05-13,CLI-1159,51.0,F,SP,Sao Paulo,Esportes,Corda de Pular,1,59.9,0.15,Boleto,Em processamento,4
PED-100361,2025-09-05,CLI-1021,38.0,M,SP,Sao Paulo,Eletronicos,Smartwatch,1,399.9,0.1,Cartao,Cancelado,4
PED-100362,2024-06-20,CLI-1118,18.0,F,SP,Sao Paulo,Eletronicos,Smartwatch,1,399.9,0.15,Boleto,Cancelado,5
PED-100363,2025-12-27,CLI-1201,46.0,F,SP,Sao Paulo,Eletronicos,Fone Bluetooth,1,149.9,0.0,Pix,Concluido,3
PED-100364,2025-02-06,CLI-1068,60.0,F,SP,Sao Paulo,Moda,Tenis Casual,3,279.9,0.0,Cartao,Concluido,3
PED-100365,2025-05-08,CLI-1224,19.0,M,PR,Curitiba,Casa,Cafeteira,1,229.9,0.05,Cartao,Concluido,5
PED-100366,2025-07-17,CLI-1101,20.0,Outro,GO,Goiania,Beleza,Kit Skincare,3,159.9,0.05,Pix,Cancelado,3
PED-100367,2025-04-12,CLI-1055,38.0,F,PR,Curitiba,Moda,Mochila Urbana,1,189.9,0.1,Pix,Em processamento,4
PED-100368,2024-08-19,CLI-1086,45.0,M,PR,Curitiba,Casa,Cafeteira,1,229.9,0.15,Pix,Concluido,5
PED-100369,2025-03-22,CLI-1126,43.0,F,SP,Sao Paulo,Esportes,Garrafa Termica,1,129.9,0.05,Carteira digital,Cancelado,4
PED-100370,2025-04-23,CLI-1166,40.0,F,BA,Salvador,Beleza,Kit Skincare,1,159.9,0.2,Pix,Concluido,3
PED-100371,2025-09-18,CLI-1223,31.0,M,PR,Curitiba,Eletronicos,Smartwatch,1,399.9,0.05,Cartao,Concluido,4
PED-100372,2024-12-17,CLI-1047,21.0,F,BA,Salvador,Casa,Jogo de Panelas,1,349.9,0.0,Cartao,Concluido,5
PED-100373,2025-01-01,CLI-1231,19.0,M,PE,Recife,Casa,Aspirador Vertical,1,599.9,0.05,Pix,Em processamento,4
PED-100374,2025-01-02,CLI-1127,23.0,F,RJ,Rio de Janeiro,Eletronicos,Teclado Mecanico,1,289.9,0.0,Pix,Concluido,2
PED-100375,2024-03-24,CLI-1031,54.0,F,SP,Sao Paulo,Eletronicos,Fone Bluetooth,1,149.9,0.1,Pix,Concluido,3
PED-100376,2024-03-06,CLI-1223,59.0,Outro,SP,Sao Paulo,Esportes,Corda de Pular,1,59.9,0.0,Pix,Concluido,4
PED-100377,2024-01-15,CLI-1084,41.0,F,MG,Belo Horizonte,Casa,Cafeteira,2,229.9,0.0,Pix,Concluido,5
PED-100378,2025-05-02,CLI-1149,22.0,M,PE,Recife,Casa,Cafeteira,1,229.9,0.1,Pix,Concluido,4
PED-100379,2024-11-02,CLI-1168,40.0,F,RJ,Rio de Janeiro,Beleza,Kit Skincare,4,159.9,0.0,Boleto,Cancelado,1
PED-100380,2025-09-24,CLI-1004,70.0,Outro,SC,Florianopolis,Moda,Tenis Casual,2,279.9,0.0,Cartao,Em processamento,4
PED-100381,2025-05-28,CLI-1054,31.0,F,PR,Curitiba,Esportes,Garrafa Termica,4,129.9,0.1,Pix,Em processamento,2
PED-100382,2024-04-13,CLI-1165,44.0,F,SP,Sao Paulo,Beleza,Kit Skincare,2,159.9,0.0,Pix,Concluido,3
PED-100383,2024-03-14,CLI-1078,,M,RJ,Rio de Janeiro,Casa,Jogo de Panelas,1,349.9,0.05,Cartao,Concluido,5
PED-100384,2024-09-24,CLI-1003,35.0,F,RS,Porto Alegre,Casa,Jogo de Panelas,1,349.9,0.05,Pix,Concluido,5
PED-100385,2025-11-04,CLI-1006,41.0,F,RS,Porto Alegre,Esportes,Garrafa Termica,1,129.9,0.0,Pix,Concluido,2
PED-100386,2024-02-05,CLI-1199,43.0,Outro,MG,Belo Horizonte,Beleza,Kit Skincare,2,159.9,0.0,Pix,Em processamento,4
PED-100387,2024-05-16,CLI-1037,,M,SP,Sao Paulo,Esportes,Garrafa Termica,2,129.9,0.1,Boleto,Concluido,3
PED-100388,2024-01-22,CLI-1025,56.0,M,SC,Florianopolis,Eletronicos,Smartwatch,1,399.9,0.2,Cartao,Concluido,3
PED-100389,2024-10-29,CLI-1135,48.0,M,SP,Sao Paulo,Beleza,Secador,3,199.9,0.0,Cartao,Em processamento,4
PED-100390,2025-12-24,CLI-1029,20.0,M,PE,Recife,Moda,Mochila Urbana,1,189.9,0.2,Cartao,Em processamento,4
PED-100391,2025-05-14,CLI-1157,18.0,M,SP,Sao Paulo,Eletronicos,Teclado Mecanico,1,289.9,0.1,Cartao,Concluido,5
PED-100392,2024-12-26,CLI-1131,39.0,M,SP,Sao Paulo,Moda,Mochila Urbana,2,189.9,0.1,Pix,Concluido,5
PED-100393,2024-04-15,CLI-1156,66.0,F,MG,Belo Horizonte,Moda,Tenis Casual,1,279.9,0.1,Boleto,Concluido,3
PED-100394,2024-09-16,CLI-1118,19.0,F,MG,Belo Horizonte,Eletronicos,Smartwatch,2,399.9,0.1,Pix,Concluido,5
PED-100395,2025-01-18,CLI-1187,21.0,M,MG,Belo Horizonte,Casa,Cafeteira,2,229.9,0.1,Cartao,Em processamento,4
PED-100396,2024-07-19,CLI-1155,54.0,M,MG,Belo Horizonte,Beleza,Secador,1,199.9,0.05,Cartao,Concluido,3
PED-100397,2025-05-30,CLI-1100,41.0,F,CE,Fortaleza,Casa,Cafeteira,1,229.9,0.05,Cartao,Concluido,5
PED-100398,2025-12-17,CLI-1004,30.0,F,MG,Belo Horizonte,Casa,Cafeteira,1,229.9,0.05,Pix,Concluido,2
PED-100399,2024-05-30,CLI-1066,28.0,F,MG,Belo Horizonte,Casa,Aspirador Vertical,2,599.9,0.0,Cartao,Concluido,4
PED-100400,2024-07-03,CLI-1032,53.0,M,MG,Belo Horizonte,Casa,Aspirador Vertical,1,599.9,0.1,Pix,Concluido,5
PED-100401,2024-04-02,CLI-1004,45.0,M,SP,Sao Paulo,Esportes,Corda de Pular,3,59.9,0.0,Boleto,Concluido,3
PED-100402,2025-06-14,CLI-1066,51.0,F,PR,Curitiba,Beleza,Secador,3,199.9,0.0,Pix,Em processamento,5
PED-100403,2024-12-03,CLI-1050,32.0,M,SP,Sao Paulo,Eletronicos,Teclado Mecanico,1,289.9,0.0,Cartao,Em processamento,3
PED-100404,2024-07-26,CLI-1019,45.0,M,RS,Porto Alegre,Esportes,Garrafa Termica,1,129.9,0.0,Cartao,Concluido,5
PED-100405,2024-06-09,CLI-1075,63.0,Outro,SP,Sao Paulo,Esportes,Colchonete,2,99.9,0.1,Pix,Concluido,2
PED-100406,2024-02-21,CLI-1122,34.0,F,CE,Fortaleza,Eletronicos,Smartwatch,2,399.9,0.1,Pix,Cancelado,3
PED-100407,2024-12-14,CLI-1043,39.0,M,MG,Belo Horizonte,Beleza,Perfume,1,249.9,0.05,Cartao,Concluido,4
PED-100408,2025-05-14,CLI-1066,,M,GO,Goiania,Eletronicos,Smartwatch,1,399.9,0.0,Boleto,Concluido,5
PED-100409,2024-06-20,CLI-1005,51.0,M,MG,Belo Horizonte,Esportes,Corda de Pular,1,59.9,0.05,Pix,Concluido,3
PED-100410,2024-01-02,CLI-1013,19.0,F,SP,Sao Paulo,Moda,Tenis Casual,4,279.9,0.05,Pix,Concluido,5
PED-100411,2024-12-11,CLI-1038,31.0,M,BA,Salvador,Moda,Tenis Casual,1,279.9,0.1,Cartao,Cancelado,3
PED-100412,2025-05-08,CLI-1109,55.0,M,RS,Porto Alegre,Eletronicos,Smartwatch,3,399.9,0.1,Cartao,Em processamento,4
PED-100413,2024-09-09,CLI-1160,19.0,F,SC,Florianopolis,Esportes,Corda de Pular,1,59.9,0.05,Cartao,Cancelado,4
PED-100414,2024-07-02,CLI-1190,70.0,F,MG,Belo Horizonte,Eletronicos,Fone Bluetooth,3,149.9,0.05,Cartao,Concluido,3
PED-100415,2024-04-22,CLI-1152,39.0,M,RS,Porto Alegre,Eletronicos,Teclado Mecanico,1,289.9,0.2,Pix,Concluido,5
PED-100416,2025-06-29,CLI-1149,39.0,M,BA,Salvador,Eletronicos,Smartwatch,1,399.9,0.1,Cartao,Concluido,4
PED-100417,2025-09-21,CLI-1225,46.0,F,RS,Porto Alegre,Beleza,Perfume,3,249.9,0.05,Boleto,Concluido,4
PED-100418,2025-07-16,CLI-1062,51.0,F,RJ,Rio de Janeiro,Eletronicos,Smartwatch,3,399.9,0.05,Carteira digital,Concluido,4
PED-100419,2025-01-13,CLI-1192,42.0,F,RS,Porto Alegre,Esportes,Garrafa Termica,1,129.9,0.0,Cartao,Em processamento,4
PED-100420,2025-06-13,CLI-1225,64.0,M,RS,Porto Alegre,Moda,Jaqueta,1,319.9,0.15,Cartao,Em processamento,4
PED-100421,2024-10-17,CLI-1137,68.0,Outro,PE,Recife,Eletronicos,Fone Bluetooth,1,149.9,0.0,Boleto,Concluido,5
PED-100422,2024-01-18,CLI-1202,28.0,F,RJ,Rio de Janeiro,Eletronicos,Teclado Mecanico,1,289.9,0.0,Carteira digital,Cancelado,4
PED-100423,2024-09-25,CLI-1034,55.0,F,MG,Belo Horizonte,Eletronicos,Smartwatch,1,399.9,0.2,Boleto,Concluido,4
PED-100424,2025-05-29,CLI-1211,33.0,F,BA,Salvador,Moda,Jaqueta,3,319.9,0.1,Cartao,Concluido,4
PED-100425,2025-04-18,CLI-1136,70.0,F,MG,Belo Horizonte,Beleza,Perfume,1,249.9,0.0,Cartao,Concluido,4
PED-100426,2025-12-24,CLI-1054,31.0,M,SC,Florianopolis,Eletronicos,Fone Bluetooth,2,149.9,0.0,Cartao,Concluido,4
PED-100427,2025-12-30,CLI-1015,33.0,M,MG,Belo Horizonte,Beleza,Secador,1,199.9,0.0,Boleto,Concluido,4
PED-100428,2024-06-26,CLI-1173,55.0,F,SP,Sao Paulo,Eletronicos,Fone Bluetooth,1,149.9,0.1,Pix,Concluido,4
PED-100429,2024-01-07,CLI-1104,59.0,F,SC,Florianopolis,Beleza,Secador,2,199.9,0.0,Pix,Concluido,5
PED-100430,2024-07-19,CLI-1075,24.0,F,SP,Sao Paulo,Esportes,Corda de Pular,1,59.9,0.15,Pix,Concluido,5
PED-100431,2025-10-02,CLI-1094,,M,SP,Sao Paulo,Beleza,Kit Skincare,2,159.9,0.15,Cartao,Concluido,5
PED-100432,2025-08-17,CLI-1238,36.0,M,PR,Curitiba,Moda,Mochila Urbana,1,189.9,0.05,Pix,Cancelado,5
PED-100433,2024-03-13,CLI-1103,50.0,M,SC,Florianopolis,Beleza,Secador,3,199.9,0.1,Cartao,Concluido,4
PED-100434,2024-04-27,CLI-1019,47.0,F,GO,Goiania,Eletronicos,Smartwatch,2,399.9,0.0,Pix,Concluido,5
PED-100435,2025-02-15,CLI-1068,70.0,M,RJ,Rio de Janeiro,Eletronicos,Fone Bluetooth,3,149.9,0.0,Pix,Concluido,3
PED-100436,2025-04-27,CLI-1035,67.0,F,SP,Sao Paulo,Eletronicos,Fone Bluetooth,1,149.9,0.1,Pix,Concluido,4
PED-100437,2025-12-19,CLI-1165,52.0,M,PE,Recife,Casa,Jogo de Panelas,1,349.9,0.0,Cartao,Cancelado,3
PED-100438,2025-07-05,CLI-1193,54.0,M,SP,Sao Paulo,Beleza,Secador,1,199.9,0.0,Boleto,Concluido,1
PED-100439,2024-06-03,CLI-1202,65.0,M,SP,Sao Paulo,Moda,Tenis Casual,1,279.9,0.0,Pix,Concluido,5
PED-100440,2024-01-28,CLI-1152,27.0,M,RJ,Rio de Janeiro,Beleza,Perfume,1,249.9,0.0,Cartao,Em processamento,5
PED-100441,2025-04-08,CLI-1185,56.0,F,PR,Curitiba,Eletronicos,Fone Bluetooth,1,149.9,0.05,Cartao,Concluido,4
PED-100442,2025-02-08,CLI-1101,58.0,M,GO,Goiania,Beleza,Kit Skincare,1,159.9,0.1,Pix,Concluido,3
PED-100443,2025-11-04,CLI-1151,24.0,F,SC,Florianopolis,Eletronicos,Teclado Mecanico,1,289.9,0.1,Cartao,Em processamento,4
PED-100444,2025-02-24,CLI-1026,64.0,F,RS,Porto Alegre,Eletronicos,Smartwatch,1,399.9,0.1,Cartao,Concluido,4
PED-100445,2025-01-01,CLI-1130,55.0,F,SP,Sao Paulo,Moda,Tenis Casual,1,279.9,0.15,Cartao,Concluido,5
PED-100446,2024-08-09,CLI-1134,36.0,F,RJ,Rio de Janeiro,Esportes,Colchonete,1,99.9,0.05,Cartao,Concluido,5
PED-100447,2024-03-04,CLI-1008,43.0,F,MG,Belo Horizonte,Moda,Mochila Urbana,2,189.9,0.15,Pix,Cancelado,4
PED-100448,2025-10-02,CLI-1132,43.0,F,SP,Sao Paulo,Eletronicos,Fone Bluetooth,1,149.9,0.05,Pix,Em processamento,3
PED-100449,2025-08-26,CLI-1174,66.0,M,RJ,Rio de Janeiro,Moda,Mochila Urbana,1,189.9,0.0,Cartao,Concluido,3
PED-100450,2024-04-28,CLI-1089,69.0,F,RJ,Rio de Janeiro,Eletronicos,Fone Bluetooth,1,149.9,0.15,Pix,Concluido,2
PED-100451,2025-05-29,CLI-1131,60.0,F,SP,Sao Paulo,Esportes,Corda de Pular,2,59.9,0.0,Cartao,Cancelado,4
PED-100452,2024-09-23,CLI-1069,52.0,Outro,PR,Curitiba,Moda,Jaqueta,1,319.9,0.0,Cartao,Concluido,1
PED-100453,2024-11-15,CLI-1065,23.0,Outro,RS,Porto Alegre,Eletronicos,Teclado Mecanico,2,289.9,0.0,Cartao,Concluido,3
PED-100454,2025-09-12,CLI-1032,66.0,F,SP,Sao Paulo,Eletronicos,Fone Bluetooth,4,149.9,0.05,Boleto,Cancelado,3
PED-100455,2025-09-07,CLI-1079,25.0,F,MG,Belo Horizonte,Eletronicos,Teclado Mecanico,1,289.9,0.05,Carteira digital,Concluido,3
PED-100456,2024-05-19,CLI-1193,26.0,M,SC,Florianopolis,Esportes,Colchonete,3,99.9,0.05,Pix,Cancelado,5
PED-100457,2024-08-12,CLI-1225,21.0,M,SC,Florianopolis,Casa,Jogo de Panelas,2,349.9,0.15,Cartao,Concluido,3
PED-100458,2025-08-23,CLI-1153,68.0,F,BA,Salvador,Beleza,Secador,1,199.9,0.0,Cartao,Em processamento,5
PED-100459,2025-11-01,CLI-1150,44.0,M,MG,Belo Horizonte,Moda,Mochila Urbana,1,189.9,0.05,Cartao,Concluido,3
PED-100460,2024-02-27,CLI-1148,30.0,F,BA,Salvador,Moda,Mochila Urbana,2,189.9,0.05,Boleto,Em processamento,3
PED-100461,2025-09-01,CLI-1115,22.0,F,SP,Sao Paulo,Eletronicos,Smartwatch,4,399.9,0.1,Cartao,Concluido,1
PED-100462,2024-12-23,CLI-1102,,M,RJ,Rio de Janeiro,Esportes,Garrafa Termica,1,129.9,0.0,Carteira digital,Concluido,5
PED-100463,2025-03-07,CLI-1150,56.0,M,SP,Sao Paulo,Casa,Cafeteira,1,229.9,0.0,Pix,Cancelado,3
PED-100464,2024-02-25,CLI-1189,70.0,M,MG,Belo Horizonte,Moda,Tenis Casual,1,279.9,0.05,Pix,Concluido,4
PED-100465,2025-05-12,CLI-1100,47.0,F,MG,Belo Horizonte,Moda,Tenis Casual,1,279.9,0.1,Boleto,Em processamento,3
PED-100466,2025-05-10,CLI-1136,50.0,F,SP,Sao Paulo,Moda,Tenis Casual,2,279.9,0.1,Cartao,Concluido,5
PED-100467,2025-04-29,CLI-1113,62.0,F,SC,Florianopolis,Esportes,Corda de Pular,1,59.9,0.1,Pix,Concluido,3
PED-100468,2025-07-31,CLI-1069,65.0,F,RJ,Rio de Janeiro,Eletronicos,Fone Bluetooth,2,149.9,0.1,Cartao,Concluido,4
PED-100469,2025-11-22,CLI-1070,32.0,F,RJ,Rio de Janeiro,Casa,Jogo de Panelas,3,349.9,0.05,Boleto,Em processamento,5
PED-100470,2025-09-13,CLI-1019,70.0,M,SP,Sao Paulo,Casa,Cafeteira,2,229.9,0.0,Pix,Concluido,3
PED-100471,2025-06-28,CLI-1106,45.0,M,MG,Belo Horizonte,Casa,Jogo de Panelas,2,349.9,0.0,Cartao,Cancelado,3
PED-100472,2025-12-18,CLI-1171,67.0,M,RJ,Rio de Janeiro,Eletronicos,Fone Bluetooth,2,149.9,0.0,Boleto,Em processamento,5
PED-100473,2025-05-08,CLI-1165,24.0,F,RJ,Rio de Janeiro,Eletronicos,Teclado Mecanico,2,289.9,0.05,Cartao,Em processamento,3
PED-100474,2025-05-06,CLI-1237,23.0,F,SP,Sao Paulo,Eletronicos,Fone Bluetooth,3,149.9,0.05,Cartao,Concluido,1
PED-100475,2025-01-31,CLI-1010,,M,SC,Florianopolis,Casa,Aspirador Vertical,1,599.9,0.05,Boleto,Cancelado,4
PED-100476,2025-07-16,CLI-1183,53.0,F,PE,Recife,Casa,Cafeteira,1,229.9,0.1,Cartao,Concluido,1
PED-100477,2024-02-22,CLI-1191,27.0,M,MG,Belo Horizonte,Moda,Mochila Urbana,1,189.9,0.05,Boleto,Cancelado,5
PED-100478,2025-01-04,CLI-1105,65.0,F,RS,Porto Alegre,Moda,Mochila Urbana,3,189.9,0.1,Pix,Concluido,4
PED-100479,2024-11-06,CLI-1068,23.0,M,BA,Salvador,Casa,Aspirador Vertical,2,599.9,0.1,Pix,Concluido,4
PED-100480,2025-10-29,CLI-1086,54.0,M,CE,Fortaleza,Casa,Aspirador Vertical,1,599.9,0.0,Cartao,Concluido,3
PED-100481,2024-02-23,CLI-1164,28.0,M,PR,Curitiba,Eletronicos,Smartwatch,1,399.9,0.05,Cartao,Cancelado,4
PED-100482,2025-04-15,CLI-1207,21.0,M,GO,Goiania,Moda,Jaqueta,1,319.9,0.1,Carteira digital,Cancelado,4
PED-100483,2024-05-14,CLI-1155,60.0,M,GO,Goiania,Casa,Aspirador Vertical,2,599.9,0.1,Cartao,Em processamento,2
PED-100484,2025-10-07,CLI-1124,62.0,F,SC,Florianopolis,Eletronicos,Smartwatch,1,399.9,0.0,Pix,Cancelado,5
PED-100485,2025-09-14,CLI-1157,23.0,M,MG,Belo Horizonte,Casa,Cafeteira,1,229.9,0.05,Cartao,Concluido,4
PED-100486,2024-06-21,CLI-1017,22.0,M,SP,Sao Paulo,Casa,Aspirador Vertical,3,599.9,0.1,Cartao,Concluido,5
PED-100487,2025-09-29,CLI-1146,50.0,Outro,SP,Sao Paulo,Eletronicos,Fone Bluetooth,2,149.9,0.1,Pix,Concluido,3
PED-100488,2024-12-29,CLI-1011,19.0,F,MG,Belo Horizonte,Moda,Tenis Casual,1,279.9,0.0,Boleto,Concluido,3
PED-100489,2025-12-10,CLI-1231,57.0,F,MG,Belo Horizonte,Moda,Jaqueta,1,319.9,0.05,Pix,Concluido,5
PED-100490,2025-06-17,CLI-1214,66.0,M,MG,Belo Horizonte,Moda,Tenis Casual,4,279.9,0.15,Boleto,Concluido,5
PED-100491,2024-01-26,CLI-1123,57.0,M,PR,Curitiba,Moda,Mochila Urbana,2,189.9,0.0,Cartao,Em processamento,4
PED-100492,2024-05-28,CLI-1090,30.0,F,PR,Curitiba,Moda,Jaqueta,2,319.9,0.15,Cartao,Concluido,1
PED-100493,2024-10-22,CLI-1176,28.0,F,BA,Salvador,Casa,Jogo de Panelas,1,349.9,0.0,Cartao,Concluido,5
PED-100494,2024-06-03,CLI-1154,54.0,F,SP,Sao Paulo,Beleza,Kit Skincare,1,159.9,0.05,Pix,Concluido,3
PED-100495,2024-04-06,CLI-1170,21.0,F,SP,Sao Paulo,Moda,Tenis Casual,1,279.9,0.05,Cartao,Cancelado,4
PED-100496,2025-12-15,CLI-1124,46.0,F,SC,Florianopolis,Casa,Aspirador Vertical,2,599.9,0.0,Pix,Concluido,4
PED-100497,2025-09-27,CLI-1057,41.0,F,BA,Salvador,Moda,Mochila Urbana,1,189.9,0.15,Cartao,Em processamento,2
PED-100498,2024-11-13,CLI-1018,57.0,F,CE,Fortaleza,Casa,Jogo de Panelas,1,349.9,0.05,Boleto,Em processamento,2
PED-100499,2024-06-06,CLI-1068,28.0,M,GO,Goiania,Moda,Tenis Casual,2,279.9,0.2,Boleto,Em processamento,1
PED-100500,2024-05-12,CLI-1127,58.0,F,GO,Goiania,Beleza,Kit Skincare,3,159.9,0.0,Boleto,Concluido,5
PED-100501,2025-10-31,CLI-1102,55.0,F,RJ,Rio de Janeiro,Esportes,Corda de Pular,2,59.9,0.15,Cartao,Concluido,4
PED-100502,2024-08-30,CLI-1122,30.0,F,MG,Belo Horizonte,Esportes,Garrafa Termica,1,129.9,0.15,Carteira digital,Concluido,4
PED-100503,2024-01-10,CLI-1067,36.0,F,RJ,Rio de Janeiro,Casa,Cafeteira,1,229.9,0.05,Cartao,Cancelado,5
PED-100504,2024-10-17,CLI-1226,21.0,Outro,PR,Curitiba,Moda,Mochila Urbana,1,189.9,0.0,Cartao,Concluido,4
PED-100505,2024-11-28,CLI-1089,41.0,M,PE,Recife,Beleza,Kit Skincare,1,159.9,0.1,Cartao,Em processamento,4
PED-100506,2025-03-31,CLI-1204,31.0,F,RJ,Rio de Janeiro,Casa,Cafeteira,1,229.9,0.05,Cartao,Concluido,4
PED-100507,2024-09-04,CLI-1094,24.0,F,PR,Curitiba,Beleza,Secador,1,199.9,0.15,Pix,Concluido,4
PED-100508,2025-11-05,CLI-1107,47.0,F,RJ,Rio de Janeiro,Casa,Cafeteira,2,229.9,0.05,Cartao,Concluido,4
PED-100509,2025-04-15,CLI-1145,48.0,F,SP,Sao Paulo,Eletronicos,Fone Bluetooth,3,149.9,0.0,Cartao,Cancelado,5
PED-100510,2025-12-22,CLI-1064,22.0,F,SP,Sao Paulo,Eletronicos,Teclado Mecanico,4,289.9,0.0,Pix,Cancelado,5
PED-100511,2024-09-25,CLI-1053,27.0,F,SP,Sao Paulo,Beleza,Perfume,1,249.9,0.1,Boleto,Concluido,4
PED-100512,2025-04-21,CLI-1092,22.0,F,PE,Recife,Eletronicos,Fone Bluetooth,1,149.9,0.2,Pix,Cancelado,4
PED-100513,2024-09-24,CLI-1194,53.0,M,MG,Belo Horizonte,Eletronicos,Smartwatch,1,399.9,0.0,Pix,Cancelado,5
PED-100514,2025-05-26,CLI-1035,35.0,F,BA,Salvador,Casa,Jogo de Panelas,1,349.9,0.1,Cartao,Concluido,3
PED-100515,2025-06-29,CLI-1106,21.0,F,RS,Porto Alegre,Eletronicos,Smartwatch,1,399.9,0.15,Boleto,Concluido,5
PED-100516,2024-08-23,CLI-1162,28.0,M,SP,Sao Paulo,Casa,Aspirador Vertical,1,599.9,0.0,Cartao,Concluido,3
PED-100517,2025-11-16,CLI-1170,69.0,F,SP,Sao Paulo,Beleza,Perfume,2,249.9,0.0,Cartao,Concluido,5
PED-100518,2025-09-18,CLI-1105,31.0,F,BA,Salvador,Eletronicos,Smartwatch,1,399.9,0.1,Cartao,Concluido,5
PED-100519,2025-10-15,CLI-1020,54.0,F,RJ,Rio de Janeiro,Beleza,Kit Skincare,3,159.9,0.1,Pix,Concluido,4
PED-100520,2024-06-08,CLI-1004,42.0,F,GO,Goiania,Beleza,Secador,1,199.9,0.0,Cartao,Concluido,3
PED-100521,2025-06-08,CLI-1113,27.0,F,SP,Sao Paulo,Casa,Jogo de Panelas,1,349.9,0.15,Pix,Concluido,5
PED-100522,2024-03-18,CLI-1195,34.0,M,RS,Porto Alegre,Eletronicos,Fone Bluetooth,1,149.9,0.05,Cartao,Cancelado,4
PED-100523,2024-03-18,CLI-1007,18.0,M,BA,Salvador,Moda,Jaqueta,1,319.9,0.15,Cartao,Concluido,4
PED-100524,2025-12-12,CLI-1213,,F,SP,Sao Paulo,Eletronicos,Teclado Mecanico,1,289.9,0.15,Cartao,Concluido,4
PED-100525,2024-04-21,CLI-1163,35.0,F,RJ,Rio de Janeiro,Casa,Jogo de Panelas,4,349.9,0.1,Cartao,Cancelado,4
PED-100526,2025-09-23,CLI-1002,44.0,M,PE,Recife,Esportes,Colchonete,1,99.9,0.05,Cartao,Concluido,4
PED-100527,2024-11-10,CLI-1083,26.0,M,RJ,Rio de Janeiro,Esportes,Colchonete,1,99.9,0.0,Pix,Concluido,3
PED-100528,2024-08-09,CLI-1053,61.0,F,MG,Belo Horizonte,Beleza,Secador,1,199.9,0.05,Pix,Concluido,4
PED-100529,2024-02-23,CLI-1228,29.0,F,MG,Belo Horizonte,Casa,Cafeteira,1,229.9,0.0,Cartao,Concluido,5
PED-100530,2025-05-08,CLI-1134,48.0,F,RJ,Rio de Janeiro,Moda,Jaqueta,2,319.9,0.1,Pix,Cancelado,2
PED-100531,2025-06-11,CLI-1078,64.0,M,SC,Florianopolis,Moda,Jaqueta,1,319.9,0.0,Cartao,Cancelado,4
PED-100532,2024-12-07,CLI-1067,55.0,F,SC,Florianopolis,Casa,Jogo de Panelas,2,349.9,0.05,Cartao,Concluido,4
PED-100533,2025-08-15,CLI-1136,49.0,F,RJ,Rio de Janeiro,Moda,Mochila Urbana,1,189.9,0.0,Cartao,Cancelado,5
PED-100534,2024-08-24,CLI-1002,65.0,F,BA,Salvador,Eletronicos,Smartwatch,1,399.9,0.0,Pix,Cancelado,4
PED-100535,2025-02-07,CLI-1062,27.0,F,SP,Sao Paulo,Eletronicos,Fone Bluetooth,2,149.9,0.0,Cartao,Concluido,5
PED-100536,2024-07-28,CLI-1040,69.0,F,SP,Sao Paulo,Moda,Jaqueta,3,319.9,0.1,Pix,Concluido,3
PED-100537,2025-03-01,CLI-1149,47.0,M,PR,Curitiba,Eletronicos,Smartwatch,1,399.9,0.1,Cartao,Em processamento,4
PED-100538,2024-04-09,CLI-1161,39.0,M,CE,Fortaleza,Eletronicos,Fone Bluetooth,1,149.9,0.0,Pix,Concluido,5
PED-100539,2024-12-14,CLI-1113,31.0,F,SP,Sao Paulo,Beleza,Secador,1,199.9,0.15,Cartao,Concluido,5
PED-100540,2025-02-05,CLI-1034,57.0,F,SP,Sao Paulo,Esportes,Colchonete,1,99.9,0.15,Pix,Concluido,4
PED-100541,2025-02-10,CLI-1089,69.0,M,MG,Belo Horizonte,Moda,Mochila Urbana,1,189.9,0.05,Boleto,Em processamento,4
PED-100542,2024-11-22,CLI-1203,54.0,F,BA,Salvador,Beleza,Kit Skincare,2,159.9,0.1,Cartao,Cancelado,4
PED-100543,2025-04-15,CLI-1049,19.0,F,SP,Sao Paulo,Esportes,Garrafa Termica,1,129.9,0.05,Cartao,Concluido,2
PED-100544,2025-01-09,CLI-1040,42.0,F,MG,Belo Horizonte,Eletronicos,Smartwatch,2,399.9,0.0,Pix,Concluido,5
PED-100545,2024-07-26,CLI-1027,56.0,M,SC,Florianopolis,Casa,Jogo de Panelas,1,349.9,0.05,Carteira digital,Cancelado,5
PED-100546,2024-06-06,CLI-1197,39.0,M,RJ,Rio de Janeiro,Casa,Jogo de Panelas,3,349.9,0.0,Carteira digital,Concluido,4
PED-100547,2025-04-18,CLI-1029,58.0,M,SP,Sao Paulo,Eletronicos,Fone Bluetooth,2,149.9,0.15,Cartao,Em processamento,3
PED-100548,2025-11-17,CLI-1140,55.0,M,SP,Sao Paulo,Beleza,Kit Skincare,1,159.9,0.15,Pix,Em processamento,4
PED-100549,2025-07-04,CLI-1240,21.0,F,MG,Belo Horizonte,Casa,Jogo de Panelas,1,349.9,0.1,Cartao,Em processamento,3
PED-100550,2025-04-11,CLI-1155,47.0,F,MG,Belo Horizonte,Casa,Aspirador Vertical,1,599.9,0.1,Cartao,Concluido,5
PED-100551,2025-11-04,CLI-1099,27.0,F,BA,Salvador,Eletronicos,Smartwatch,3,399.9,0.05,Pix,Concluido,4
PED-100552,2025-10-19,CLI-1050,43.0,M,RS,Porto Alegre,Eletronicos,Fone Bluetooth,1,149.9,0.2,Pix,Concluido,3
PED-100553,2025-01-05,CLI-1001,38.0,M,RS,Porto Alegre,Esportes,Colchonete,1,99.9,0.0,Pix,Cancelado,4
PED-100554,2024-03-20,CLI-1038,60.0,F,CE,Fortaleza,Eletronicos,Teclado Mecanico,1,289.9,0.0,Boleto,Em processamento,5
PED-100555,2025-04-08,CLI-1229,64.0,M,MG,Belo Horizonte,Eletronicos,Fone Bluetooth,2,149.9,0.1,Cartao,Concluido,3
PED-100556,2025-03-31,CLI-1035,42.0,F,MG,Belo Horizonte,Casa,Aspirador Vertical,1,599.9,0.05,Pix,Concluido,4
PED-100557,2024-07-21,CLI-1005,46.0,F,PE,Recife,Casa,Jogo de Panelas,1,349.9,0.05,Cartao,Cancelado,4
PED-100558,2025-09-12,CLI-1196,51.0,F,SP,Sao Paulo,Moda,Tenis Casual,4,279.9,0.0,Cartao,Cancelado,3
PED-100559,2025-09-27,CLI-1101,52.0,M,SC,Florianopolis,Casa,Cafeteira,1,229.9,0.1,Cartao,Cancelado,4
PED-100560,2024-08-29,CLI-1086,51.0,M,SC,Florianopolis,Eletronicos,Teclado Mecanico,2,289.9,0.0,Carteira digital,Concluido,4
PED-100561,2024-12-14,CLI-1173,59.0,M,SP,Sao Paulo,Eletronicos,Fone Bluetooth,1,149.9,0.0,Pix,Em processamento,3
PED-100562,2024-05-22,CLI-1126,70.0,Outro,MG,Belo Horizonte,Beleza,Perfume,1,249.9,0.0,Cartao,Concluido,3
PED-100563,2024-05-10,CLI-1220,61.0,M,SP,Sao Paulo,Moda,Mochila Urbana,3,189.9,0.05,Pix,Concluido,5
PED-100564,2024-07-12,CLI-1113,25.0,M,SP,Sao Paulo,Moda,Jaqueta,2,319.9,0.15,Carteira digital,Cancelado,4
PED-100565,2024-09-24,CLI-1172,43.0,M,MG,Belo Horizonte,Moda,Tenis Casual,2,279.9,0.05,Carteira digital,Concluido,4
PED-100566,2024-07-18,CLI-1211,42.0,F,RJ,Rio de Janeiro,Beleza,Perfume,1,249.9,0.1,Pix,Concluido,4
PED-100567,2024-04-20,CLI-1112,44.0,M,SC,Florianopolis,Eletronicos,Fone Bluetooth,1,149.9,0.1,Cartao,Concluido,5
PED-100568,2024-11-22,CLI-1069,46.0,M,GO,Goiania,Casa,Jogo de Panelas,1,349.9,0.05,Pix,Cancelado,5
PED-100569,2025-03-31,CLI-1234,56.0,M,BA,Salvador,Moda,Mochila Urbana,1,189.9,0.1,Boleto,Concluido,5
PED-100570,2024-08-26,CLI-1055,40.0,F,RJ,Rio de Janeiro,Casa,Aspirador Vertical,1,599.9,0.1,Boleto,Concluido,4
PED-100571,2025-01-25,CLI-1010,31.0,M,RJ,Rio de Janeiro,Beleza,Perfume,1,249.9,0.05,Boleto,Concluido,4
PED-100572,2024-07-17,CLI-1139,,Outro,RJ,Rio de Janeiro,Casa,Cafeteira,1,229.9,0.0,Cartao,Cancelado,4
PED-100573,2025-05-29,CLI-1237,63.0,F,SP,Sao Paulo,Beleza,Secador,1,199.9,0.0,Cartao,Concluido,4
PED-100574,2025-04-19,CLI-1021,34.0,Outro,PE,Recife,Beleza,Perfume,1,249.9,0.2,Pix,Concluido,4
PED-100575,2025-12-02,CLI-1204,19.0,F,MG,Belo Horizonte,Casa,Cafeteira,1,229.9,0.1,Cartao,Cancelado,3
PED-100576,2024-02-08,CLI-1200,69.0,F,SP,Sao Paulo,Esportes,Colchonete,3,99.9,0.15,Cartao,Cancelado,4
PED-100577,2025-09-15,CLI-1223,28.0,F,BA,Salvador,Moda,Jaqueta,2,319.9,0.15,Pix,Concluido,4
PED-100578,2024-09-05,CLI-1102,49.0,M,MG,Belo Horizonte,Beleza,Secador,1,199.9,0.0,Pix,Em processamento,2
PED-100579,2024-02-18,CLI-1062,60.0,M,SP,Sao Paulo,Casa,Aspirador Vertical,2,599.9,0.1,Boleto,Concluido,3
PED-100580,2025-05-19,CLI-1123,32.0,F,SP,Sao Paulo,Casa,Cafeteira,2,229.9,0.05,Boleto,Concluido,5
PED-100581,2024-05-05,CLI-1035,36.0,M,RS,Porto Alegre,Moda,Mochila Urbana,1,189.9,0.1,Boleto,Concluido,4
PED-100582,2024-05-08,CLI-1203,32.0,F,SC,Florianopolis,Eletronicos,Smartwatch,1,399.9,0.0,Pix,Concluido,5
PED-100583,2025-12-17,CLI-1160,25.0,F,SP,Sao Paulo,Casa,Aspirador Vertical,1,599.9,0.0,Pix,Em processamento,4
PED-100584,2024-06-10,CLI-1116,26.0,M,GO,Goiania,Esportes,Corda de Pular,1,59.9,0.1,Cartao,Concluido,5
PED-100585,2025-02-03,CLI-1124,27.0,M,BA,Salvador,Moda,Mochila Urbana,2,189.9,0.1,Pix,Cancelado,5
PED-100586,2024-05-26,CLI-1171,42.0,M,BA,Salvador,Eletronicos,Smartwatch,4,399.9,0.1,Cartao,Concluido,2
PED-100587,2024-03-31,CLI-1126,46.0,M,SP,Sao Paulo,Casa,Jogo de Panelas,1,349.9,0.0,Cartao,Concluido,5
PED-100588,2024-01-01,CLI-1202,18.0,Outro,SP,Sao Paulo,Eletronicos,Smartwatch,2,399.9,0.0,Cartao,Concluido,1
PED-100589,2024-01-12,CLI-1222,62.0,F,BA,Salvador,Eletronicos,Smartwatch,1,399.9,0.2,Boleto,Concluido,4
PED-100590,2024-12-12,CLI-1228,53.0,F,RJ,Rio de Janeiro,Esportes,Colchonete,2,99.9,0.05,Pix,Concluido,5
PED-100591,2024-11-13,CLI-1149,21.0,F,PR,Curitiba,Casa,Cafeteira,2,229.9,0.05,Carteira digital,Concluido,4
PED-100592,2024-01-29,CLI-1179,62.0,M,SC,Florianopolis,Casa,Cafeteira,1,229.9,0.05,Carteira digital,Concluido,4
PED-100593,2024-09-12,CLI-1075,19.0,M,SP,Sao Paulo,Moda,Jaqueta,1,319.9,0.05,Boleto,Concluido,4
PED-100594,2024-07-18,CLI-1010,47.0,M,SC,Florianopolis,Eletronicos,Teclado Mecanico,2,289.9,0.05,Cartao,Cancelado,2
PED-100595,2025-02-21,CLI-1097,42.0,F,PE,Recife,Eletronicos,Teclado Mecanico,4,289.9,0.05,Boleto,Concluido,1
PED-100596,2025-12-28,CLI-1210,,F,SC,Florianopolis,Moda,Mochila Urbana,1,189.9,0.1,Boleto,Concluido,2
PED-100597,2025-05-20,CLI-1033,68.0,M,MG,Belo Horizonte,Moda,Tenis Casual,1,279.9,0.15,Boleto,Concluido,2
PED-100598,2025-11-02,CLI-1131,67.0,Outro,GO,Goiania,Esportes,Garrafa Termica,1,129.9,0.15,Cartao,Concluido,4
PED-100599,2024-05-20,CLI-1047,32.0,F,PR,Curitiba,Moda,Mochila Urbana,1,189.9,0.1,Cartao,Em processamento,4
PED-100600,2024-06-06,CLI-1104,48.0,F,SC,Florianopolis,Casa,Cafeteira,2,229.9,0.05,Carteira digital,Cancelado,4
PED-100601,2025-07-02,CLI-1035,68.0,F,BA,Salvador,Beleza,Secador,2,199.9,0.1,Cartao,Concluido,4
PED-100602,2024-08-14,CLI-1177,56.0,F,SC,Florianopolis,Esportes,Garrafa Termica,2,129.9,0.15,Cartao,Cancelado,1
PED-100603,2025-09-12,CLI-1195,65.0,F,RJ,Rio de Janeiro,Beleza,Secador,3,199.9,0.1,Cartao,Cancelado,3
PED-100604,2024-12-04,CLI-1183,41.0,F,SP,Sao Paulo,Esportes,Corda de Pular,2,59.9,0.1,Cartao,Cancelado,5
PED-100605,2024-05-26,CLI-1170,33.0,M,SP,Sao Paulo,Beleza,Secador,1,199.9,0.1,Cartao,Concluido,5
PED-100606,2025-09-09,CLI-1057,45.0,F,MG,Belo Horizonte,Esportes,Colchonete,1,99.9,0.1,Carteira digital,Em processamento,4
PED-100607,2025-02-06,CLI-1128,61.0,F,MG,Belo Horizonte,Eletronicos,Smartwatch,1,399.9,0.1,Boleto,Em processamento,2
PED-100608,2025-08-09,CLI-1026,67.0,F,PR,Curitiba,Beleza,Secador,1,199.9,0.0,Carteira digital,Em processamento,5
PED-100609,2024-11-26,CLI-1090,54.0,M,MG,Belo Horizonte,Casa,Aspirador Vertical,3,599.9,0.05,Cartao,Em processamento,5
PED-100610,2024-04-02,CLI-1122,55.0,F,SC,Florianopolis,Moda,Tenis Casual,2,279.9,0.1,Cartao,Em processamento,4
PED-100611,2025-05-12,CLI-1161,45.0,F,GO,Goiania,Moda,Tenis Casual,4,279.9,0.0,Cartao,Cancelado,3
PED-100612,2024-03-31,CLI-1024,34.0,F,SP,Sao Paulo,Esportes,Colchonete,1,99.9,0.15,Cartao,Concluido,2
PED-100613,2025-04-29,CLI-1196,40.0,M,SC,Florianopolis,Esportes,Garrafa Termica,1,129.9,0.1,Cartao,Concluido,4
PED-100614,2024-10-31,CLI-1111,44.0,M,RS,Porto Alegre,Eletronicos,Teclado Mecanico,1,289.9,0.0,Pix,Concluido,5
PED-100615,2025-08-01,CLI-1212,61.0,F,PR,Curitiba,Beleza,Perfume,1,249.9,0.1,Carteira digital,Concluido,4
PED-100616,2025-09-28,CLI-1127,47.0,F,SP,Sao Paulo,Beleza,Secador,1,199.9,0.1,Pix,Em processamento,4
PED-100617,2024-10-24,CLI-1132,60.0,F,SC,Florianopolis,Casa,Jogo de Panelas,1,349.9,0.1,Cartao,Em processamento,4
PED-100618,2025-10-06,CLI-1167,19.0,M,PE,Recife,Eletronicos,Smartwatch,1,399.9,0.05,Cartao,Concluido,5
PED-100619,2024-03-22,CLI-1197,58.0,M,SC,Florianopolis,Eletronicos,Smartwatch,3,399.9,0.15,Cartao,Cancelado,4
PED-100620,2024-03-19,CLI-1038,44.0,F,GO,Goiania,Beleza,Secador,1,199.9,0.05,Cartao,Concluido,5
PED-100621,2025-12-27,CLI-1123,70.0,F,CE,Fortaleza,Casa,Aspirador Vertical,1,599.9,0.1,Pix,Concluido,4
PED-100622,2025-02-23,CLI-1008,43.0,M,RJ,Rio de Janeiro,Esportes,Corda de Pular,2,59.9,0.0,Cartao,Em processamento,4
PED-100623,2024-11-25,CLI-1114,43.0,M,RS,Porto Alegre,Casa,Jogo de Panelas,1,349.9,0.1,Pix,Concluido,4
PED-100624,2024-04-23,CLI-1196,24.0,F,MG,Belo Horizonte,Esportes,Colchonete,3,99.9,0.1,Boleto,Concluido,4
PED-100625,2024-07-30,CLI-1208,,F,CE,Fortaleza,Casa,Aspirador Vertical,2,599.9,0.1,Cartao,Concluido,5
PED-100626,2025-05-16,CLI-1069,55.0,F,SP,Sao Paulo,Beleza,Secador,1,199.9,0.05,Cartao,Concluido,4
PED-100627,2025-08-23,CLI-1093,63.0,M,MG,Belo Horizonte,Eletronicos,Teclado Mecanico,2,289.9,0.1,Cartao,Em processamento,4
PED-100628,2025-10-31,CLI-1133,22.0,M,GO,Goiania,Moda,Tenis Casual,2,279.9,0.1,Cartao,Cancelado,4
PED-100629,2024-10-25,CLI-1096,,M,RJ,Rio de Janeiro,Beleza,Perfume,2,249.9,0.0,Pix,Cancelado,4
PED-100630,2024-11-28,CLI-1043,64.0,M,SC,Florianopolis,Esportes,Corda de Pular,2,59.9,0.2,Boleto,Concluido,4
PED-100631,2024-04-29,CLI-1074,20.0,F,RJ,Rio de Janeiro,Beleza,Perfume,2,249.9,0.1,Boleto,Cancelado,5
PED-100632,2024-03-01,CLI-1097,44.0,F,CE,Fortaleza,Eletronicos,Smartwatch,2,399.9,0.2,Pix,Em processamento,4
PED-100633,2024-11-16,CLI-1125,39.0,F,GO,Goiania,Casa,Aspirador Vertical,1,599.9,0.2,Cartao,Cancelado,4
PED-100634,2025-02-27,CLI-1221,67.0,M,RJ,Rio de Janeiro,Eletronicos,Teclado Mecanico,2,289.9,0.15,Cartao,Concluido,4
PED-100635,2024-03-17,CLI-1131,63.0,M,SC,Florianopolis,Eletronicos,Smartwatch,3,399.9,0.1,Cartao,Concluido,2
PED-100636,2024-10-25,CLI-1093,65.0,F,RJ,Rio de Janeiro,Moda,Mochila Urbana,2,189.9,0.1,Cartao,Concluido,4
PED-100637,2025-04-13,CLI-1159,33.0,F,PR,Curitiba,Beleza,Perfume,2,249.9,0.0,Boleto,Concluido,4
PED-100638,2025-08-15,CLI-1186,49.0,M,RS,Porto Alegre,Beleza,Kit Skincare,1,159.9,0.05,Pix,Cancelado,4
PED-100639,2025-11-17,CLI-1104,55.0,M,BA,Salvador,Esportes,Corda de Pular,2,59.9,0.1,Cartao,Concluido,5
PED-100640,2024-09-05,CLI-1118,69.0,M,SP,Sao Paulo,Beleza,Secador,4,199.9,0.05,Cartao,Concluido,5
PED-100641,2024-10-13,CLI-1053,18.0,F,SP,Sao Paulo,Beleza,Kit Skincare,1,159.9,0.15,Cartao,Cancelado,5
PED-100642,2025-10-01,CLI-1208,69.0,M,RS,Porto Alegre,Eletronicos,Fone Bluetooth,1,149.9,0.0,Carteira digital,Concluido,4
PED-100643,2025-05-21,CLI-1209,36.0,M,PR,Curitiba,Eletronicos,Teclado Mecanico,1,289.9,0.05,Cartao,Concluido,4
PED-100644,2024-07-19,CLI-1042,24.0,M,MG,Belo Horizonte,Moda,Tenis Casual,1,279.9,0.05,Cartao,Concluido,5
PED-100645,2025-05-15,CLI-1084,50.0,M,SP,Sao Paulo,Beleza,Perfume,1,249.9,0.05,Cartao,Concluido,4
PED-100646,2024-04-25,CLI-1066,59.0,M,RJ,Rio de Janeiro,Eletronicos,Teclado Mecanico,1,289.9,0.0,Boleto,Cancelado,4
PED-100647,2024-11-24,CLI-1222,24.0,M,BA,Salvador,Moda,Mochila Urbana,1,189.9,0.0,Pix,Concluido,4
PED-100648,2024-08-12,CLI-1016,20.0,M,SP,Sao Paulo,Moda,Tenis Casual,2,279.9,0.15,Pix,Cancelado,5
PED-100649,2025-12-26,CLI-1050,65.0,F,MG,Belo Horizonte,Eletronicos,Fone Bluetooth,2,149.9,0.05,Cartao,Concluido,3
PED-100650,2024-01-26,CLI-1076,67.0,F,PE,Recife,Casa,Jogo de Panelas,2,349.9,0.0,Cartao,Concluido,4
PED-100651,2025-09-18,CLI-1135,26.0,M,SP,Sao Paulo,Esportes,Corda de Pular,2,59.9,0.0,Boleto,Concluido,3
PED-100652,2024-07-24,CLI-1060,65.0,M,SC,Florianopolis,Moda,Jaqueta,2,319.9,0.05,Cartao,Em processamento,4
PED-100653,2024-01-27,CLI-1129,66.0,F,RJ,Rio de Janeiro,Eletronicos,Fone Bluetooth,2,149.9,0.0,Cartao,Concluido,4
PED-100654,2025-04-27,CLI-1180,70.0,F,BA,Salvador,Beleza,Kit Skincare,2,159.9,0.1,Pix,Concluido,4
PED-100655,2025-05-10,CLI-1199,,M,SC,Florianopolis,Casa,Jogo de Panelas,1,349.9,0.1,Cartao,Concluido,4
PED-100656,2024-04-14,CLI-1024,48.0,M,GO,Goiania,Beleza,Secador,2,199.9,0.0,Cartao,Concluido,5
PED-100657,2024-01-29,CLI-1034,70.0,Outro,SP,Sao Paulo,Casa,Jogo de Panelas,1,349.9,0.1,Boleto,Cancelado,5
PED-100658,2024-03-22,CLI-1023,65.0,F,PR,Curitiba,Moda,Jaqueta,1,319.9,0.0,Pix,Cancelado,4
PED-100659,2024-10-25,CLI-1219,50.0,M,SC,Florianopolis,Casa,Cafeteira,1,229.9,0.0,Cartao,Concluido,5
PED-100660,2024-04-06,CLI-1157,28.0,M,SP,Sao Paulo,Eletronicos,Teclado Mecanico,3,289.9,0.15,Cartao,Cancelado,4
PED-100661,2025-05-28,CLI-1128,22.0,F,SP,Sao Paulo,Esportes,Garrafa Termica,2,129.9,0.05,Pix,Concluido,5
PED-100662,2024-02-26,CLI-1190,31.0,F,SP,Sao Paulo,Eletronicos,Fone Bluetooth,1,149.9,0.15,Cartao,Concluido,3
PED-100663,2025-07-30,CLI-1141,21.0,Outro,PE,Recife,Eletronicos,Fone Bluetooth,2,149.9,0.0,Cartao,Concluido,3
PED-100664,2025-10-01,CLI-1057,28.0,F,RS,Porto Alegre,Casa,Jogo de Panelas,1,349.9,0.05,Pix,Concluido,4
PED-100665,2025-06-08,CLI-1123,21.0,M,RS,Porto Alegre,Beleza,Kit Skincare,2,159.9,0.05,Pix,Em processamento,3
PED-100666,2025-11-21,CLI-1169,58.0,M,SC,Florianopolis,Beleza,Secador,2,199.9,0.05,Carteira digital,Concluido,4
PED-100667,2025-11-17,CLI-1009,49.0,M,PR,Curitiba,Esportes,Corda de Pular,2,59.9,0.2,Cartao,Concluido,3
PED-100668,2024-02-04,CLI-1146,45.0,F,MG,Belo Horizonte,Casa,Cafeteira,2,229.9,0.0,Cartao,Concluido,4
PED-100669,2024-09-06,CLI-1120,60.0,M,MG,Belo Horizonte,Casa,Cafeteira,1,229.9,0.15,Pix,Cancelado,3
PED-100670,2025-07-09,CLI-1017,39.0,F,RS,Porto Alegre,Eletronicos,Fone Bluetooth,1,149.9,0.15,Pix,Concluido,3
PED-100671,2024-09-05,CLI-1064,,M,SP,Sao Paulo,Moda,Jaqueta,3,319.9,0.05,Cartao,Em processamento,5
PED-100672,2025-06-22,CLI-1108,,F,GO,Goiania,Esportes,Garrafa Termica,2,129.9,0.05,Pix,Concluido,4
PED-100673,2025-07-20,CLI-1083,41.0,M,BA,Salvador,Moda,Jaqueta,1,319.9,0.05,Cartao,Cancelado,5
PED-100674,2025-12-29,CLI-1070,27.0,M,RJ,Rio de Janeiro,Moda,Jaqueta,1,319.9,0.0,Boleto,Em processamento,4
PED-100675,2024-08-29,CLI-1156,49.0,F,PR,Curitiba,Casa,Cafeteira,1,229.9,0.1,Boleto,Concluido,2
PED-100676,2024-09-11,CLI-1098,70.0,F,SP,Sao Paulo,Esportes,Garrafa Termica,1,129.9,0.05,Cartao,Concluido,4
PED-100677,2024-01-18,CLI-1120,46.0,M,CE,Fortaleza,Casa,Aspirador Vertical,1,599.9,0.15,Carteira digital,Cancelado,4
PED-100678,2024-07-27,CLI-1192,33.0,F,GO,Goiania,Eletronicos,Smartwatch,1,399.9,0.1,Carteira digital,Concluido,1
PED-100679,2024-07-24,CLI-1023,54.0,F,PE,Recife,Casa,Jogo de Panelas,3,349.9,0.05,Cartao,Concluido,5
PED-100680,2024-11-27,CLI-1087,61.0,F,RJ,Rio de Janeiro,Eletronicos,Teclado Mecanico,1,289.9,0.1,Cartao,Em processamento,4
PED-100681,2024-11-03,CLI-1018,43.0,Outro,SP,Sao Paulo,Eletronicos,Teclado Mecanico,1,289.9,0.05,Pix,Concluido,5
PED-100682,2025-09-18,CLI-1223,31.0,M,SP,Sao Paulo,Eletronicos,Smartwatch,1,399.9,0.15,Cartao,Cancelado,4
PED-100683,2025-07-19,CLI-1045,55.0,F,SP,Sao Paulo,Casa,Aspirador Vertical,1,599.9,0.0,Cartao,Concluido,4
PED-100684,2025-06-16,CLI-1197,27.0,Outro,SP,Sao Paulo,Moda,Jaqueta,2,319.9,0.2,Cartao,Concluido,3
PED-100685,2024-01-04,CLI-1046,70.0,F,SP,Sao Paulo,Casa,Cafeteira,1,229.9,0.1,Carteira digital,Concluido,5
PED-100686,2024-12-10,CLI-1078,34.0,F,CE,Fortaleza,Casa,Cafeteira,2,229.9,0.15,Cartao,Concluido,4
PED-100687,2025-06-17,CLI-1146,36.0,F,SP,Sao Paulo,Esportes,Colchonete,2,99.9,0.05,Pix,Concluido,3
PED-100688,2024-06-27,CLI-1200,56.0,F,SP,Sao Paulo,Beleza,Kit Skincare,1,159.9,0.15,Cartao,Concluido,2
PED-100689,2024-11-06,CLI-1043,18.0,F,BA,Salvador,Moda,Tenis Casual,2,279.9,0.0,Cartao,Concluido,4
PED-100690,2025-06-15,CLI-1052,28.0,M,PR,Curitiba,Eletronicos,Teclado Mecanico,3,289.9,0.1,Boleto,Em processamento,5
PED-100691,2025-08-03,CLI-1212,24.0,F,SC,Florianopolis,Esportes,Garrafa Termica,1,129.9,0.0,Cartao,Concluido,5
PED-100692,2025-09-16,CLI-1078,38.0,M,RS,Porto Alegre,Eletronicos,Smartwatch,1,399.9,0.0,Cartao,Em processamento,5
PED-100693,2024-11-10,CLI-1051,47.0,F,GO,Goiania,Casa,Aspirador Vertical,3,599.9,0.05,Cartao,Concluido,5
PED-100694,2024-10-19,CLI-1179,27.0,F,RS,Porto Alegre,Esportes,Colchonete,3,99.9,0.05,Pix,Cancelado,5
PED-100695,2024-10-06,CLI-1022,36.0,F,PR,Curitiba,Moda,Jaqueta,1,319.9,0.05,Cartao,Concluido,4
PED-100696,2025-05-03,CLI-1209,58.0,M,RS,Porto Alegre,Beleza,Perfume,1,249.9,0.1,Cartao,Concluido,4
PED-100697,2024-11-02,CLI-1211,67.0,M,MG,Belo Horizonte,Moda,Tenis Casual,1,279.9,0.0,Cartao,Em processamento,2
PED-100698,2024-10-19,CLI-1206,18.0,F,RJ,Rio de Janeiro,Moda,Mochila Urbana,2,189.9,0.1,Cartao,Concluido,3
PED-100699,2024-05-03,CLI-1071,51.0,F,MG,Belo Horizonte,Casa,Aspirador Vertical,1,599.9,0.0,Cartao,Concluido,4
PED-100700,2024-12-15,CLI-1028,,F,SP,Sao Paulo,Eletronicos,Teclado Mecanico,1,289.9,0.1,Pix,Cancelado,3
PED-100701,2024-06-22,CLI-1103,45.0,M,SC,Florianopolis,Casa,Jogo de Panelas,2,349.9,0.1,Cartao,Cancelado,5
PED-100702,2025-01-18,CLI-1081,64.0,F,RJ,Rio de Janeiro,Eletronicos,Teclado Mecanico,3,289.9,0.05,Cartao,Em processamento,5
PED-100703,2025-10-11,CLI-1231,60.0,M,SP,Sao Paulo,Esportes,Colchonete,2,99.9,0.1,Pix,Concluido,4
PED-100704,2025-07-21,CLI-1152,30.0,F,SP,Sao Paulo,Eletronicos,Smartwatch,1,399.9,0.15,Pix,Concluido,5
PED-100705,2024-12-15,CLI-1227,,F,BA,Salvador,Moda,Mochila Urbana,1,189.9,0.1,Cartao,Concluido,4
PED-100706,2025-12-15,CLI-1181,59.0,M,RJ,Rio de Janeiro,Beleza,Kit Skincare,3,159.9,0.05,Cartao,Concluido,3
PED-100707,2025-12-17,CLI-1172,61.0,F,RS,Porto Alegre,Beleza,Secador,3,199.9,0.05,Cartao,Concluido,4
PED-100708,2024-11-20,CLI-1027,32.0,F,BA,Salvador,Casa,Jogo de Panelas,1,349.9,0.1,Carteira digital,Em processamento,3
PED-100709,2025-07-12,CLI-1017,18.0,Outro,SP,Sao Paulo,Casa,Jogo de Panelas,2,349.9,0.0,Cartao,Concluido,4
PED-100710,2024-09-07,CLI-1012,41.0,F,SC,Florianopolis,Esportes,Corda de Pular,1,59.9,0.1,Cartao,Em processamento,3
PED-100711,2025-10-04,CLI-1143,50.0,F,RJ,Rio de Janeiro,Moda,Tenis Casual,1,279.9,0.05,Cartao,Concluido,3
PED-100712,2024-09-30,CLI-1049,41.0,F,SP,Sao Paulo,Beleza,Secador,1,199.9,0.1,Cartao,Concluido,3
PED-100713,2024-07-07,CLI-1238,67.0,M,RS,Porto Alegre,Esportes,Colchonete,1,99.9,0.0,Cartao,Concluido,5
PED-100714,2024-04-07,CLI-1032,61.0,M,GO,Goiania,Beleza,Secador,1,199.9,0.0,Cartao,Concluido,2
PED-100715,2025-09-07,CLI-1228,59.0,F,RJ,Rio de Janeiro,Eletronicos,Smartwatch,2,399.9,0.2,Pix,Concluido,4
PED-100716,2024-08-05,CLI-1161,19.0,Outro,PR,Curitiba,Moda,Mochila Urbana,1,189.9,0.15,Pix,Concluido,4
PED-100717,2025-08-17,CLI-1026,63.0,M,RJ,Rio de Janeiro,Eletronicos,Smartwatch,1,399.9,0.15,Pix,Concluido,4
PED-100718,2024-03-04,CLI-1015,,Outro,PR,Curitiba,Moda,Jaqueta,1,319.9,0.2,Pix,Concluido,4
PED-100719,2025-01-01,CLI-1096,39.0,M,PR,Curitiba,Esportes,Colchonete,1,99.9,0.05,Cartao,Concluido,2
PED-100008,2024-02-19,CLI-1106,67.0,F,MG,Belo Horizonte,Eletronicos,Teclado Mecanico,1,289.9,0.0,Boleto,Concluido,4
PED-100041,2024-11-17,CLI-1150,,F,SP,Sao Paulo,Beleza,Kit Skincare,1,159.9,0.0,Cartao,Concluido,4
PED-100108,2025-06-29,CLI-1183,40.0,F,SP,Sao Paulo,Eletronicos,Smartwatch,2,399.9,0.0,Cartao,Concluido,4
